,Kingdom,Phylum,Class,Order,Family,Genus,Species
ASV_1,Eukaryota,Chordata,Actinopteri,Clupeiformes,Engraulidae,Engraulis,Engraulis mordax
ASV_2,Eukaryota,Chordata,Actinopteri,Gadiformes,Macrouridae,Coryphaenoides,unassigned
ASV_6,Eukaryota,Chordata,Actinopteri,Gadiformes,Merlucciidae,Merluccius,Merluccius productus
ASV_7,Eukaryota,Chordata,Actinopteri,Argentiniformes,Bathylagidae,Bathylagus,Bathylagus pacificus
ASV_8,Eukaryota,Chordata,Actinopteri,Myctophiformes,Myctophidae,Stenobrachius,Stenobrachius leucopsarus
ASV_10,Eukaryota,Chordata,Actinopteri,Argentiniformes,Bathylagidae,Leuroglossus,Leuroglossus schmidti
ASV_11,Eukaryota,Chordata,Actinopteri,Clupeiformes,Clupeidae,Sardinops,Sardinops melanostictus
ASV_13,Eukaryota,Chordata,Actinopteri,Myctophiformes,Myctophidae,Diaphus,Diaphus theta
ASV_15,Eukaryota,Chordata,Actinopteri,Perciformes,Sebastidae,unassigned,unassigned
ASV_16,Eukaryota,Chordata,Actinopteri,Clupeiformes,Clupeidae,Sardinops,Sardinops melanostictus
ASV_17,Eukaryota,Chordata,Actinopteri,Carangiformes,Carangidae,Seriola,Seriola lalandi
ASV_19,Eukaryota,Chordata,Actinopteri,Argentiniformes,Bathylagidae,Lipolagus,Lipolagus ochotensis
ASV_20,Eukaryota,Chordata,Actinopteri,Pleuronectiformes,Paralichthyidae,Citharichthys,Citharichthys sordidus
ASV_21,Eukaryota,Chordata,Actinopteri,Perciformes,Sebastidae,Sebastes,unassigned
ASV_23,Eukaryota,Chordata,Actinopteri,Clupeiformes,Clupeidae,Sardinops,Sardinops melanostictus
ASV_27,Eukaryota,Chordata,Actinopteri,Perciformes,Sebastidae,Sebastes,unassigned
ASV_28,Eukaryota,Chordata,Actinopteri,Myctophiformes,Myctophidae,Stenobrachius,Stenobrachius leucopsarus
ASV_30,Eukaryota,Chordata,Actinopteri,Carangiformes,Carangidae,Trachurus,Trachurus symmetricus
ASV_33,Eukaryota,Chordata,Actinopteri,Pleuronectiformes,Pleuronectidae,Microstomus,Microstomus pacificus
ASV_39,Eukaryota,Chordata,Actinopteri,Clupeiformes,Engraulidae,Engraulis,Engraulis mordax
ASV_41,Eukaryota,Chordata,Actinopteri,Perciformes,Sebastidae,Sebastes,unassigned
ASV_43,Eukaryota,Chordata,Actinopteri,Perciformes,Sebastidae,Sebastes,unassigned
ASV_44,Eukaryota,Chordata,Actinopteri,Scombriformes,Scombridae,Thunnus,Thunnus alalunga
ASV_45,Eukaryota,Chordata,Actinopteri,Tetraodontiformes,Molidae,Mola,unassigned
ASV_47,Eukaryota,Chordata,Actinopteri,Perciformes,Hexagrammidae,Ophiodon,Ophiodon elongatus
ASV_50,Eukaryota,Chordata,Actinopteri,Beryciformes,Melamphaidae,Scopelogadus,s_
ASV_54,Eukaryota,Chordata,Actinopteri,Argentiniformes,Bathylagidae,Pseudobathylagus,Pseudobathylagus milleri
ASV_61,Eukaryota,Chordata,Actinopteri,Scombriformes,Centrolophidae,Icichthys,Icichthys lockingtoni
ASV_62,Eukaryota,Chordata,Actinopteri,unknown,Sciaenidae,Genyonemus,Genyonemus lineatus
ASV_68,Eukaryota,Chordata,Actinopteri,Scombriformes,Scombridae,Scomber,unassigned
ASV_70,Eukaryota,Chordata,Actinopteri,Lampriformes,Trachipteridae,Trachipterus,unassigned
ASV_74,Eukaryota,Chordata,Actinopteri,Pleuronectiformes,Paralichthyidae,Citharichthys,Citharichthys stigmaeus
ASV_75,Eukaryota,Chordata,Actinopteri,Clupeiformes,Engraulidae,Engraulis,Engraulis mordax
ASV_76,Eukaryota,Chordata,Actinopteri,Clupeiformes,Engraulidae,Engraulis,Engraulis mordax
ASV_78,Eukaryota,Chordata,Actinopteri,Pleuronectiformes,Paralichthyidae,Citharichthys,Citharichthys stigmaeus
ASV_83,Eukaryota,Chordata,Actinopteri,Gadiformes,Merlucciidae,Merluccius,Merluccius productus
ASV_85,Eukaryota,Chordata,Actinopteri,Perciformes,Sebastidae,Sebastes,unassigned
ASV_86,Eukaryota,Chordata,Actinopteri,Clupeiformes,Engraulidae,Engraulis,Engraulis mordax
ASV_87,Eukaryota,Chordata,Actinopteri,Perciformes,Sebastidae,Sebastes,Sebastes paucispinis
ASV_97,Eukaryota,Chordata,Actinopteri,Perciformes,Sebastidae,Sebastes,unassigned
ASV_99,Eukaryota,Chordata,Actinopteri,Scombriformes,Stromateidae,Peprilus,Peprilus medius
ASV_114,Eukaryota,Chordata,Actinopteri,Clupeiformes,Engraulidae,Engraulis,Engraulis mordax
ASV_117,Eukaryota,Chordata,Actinopteri,Myctophiformes,Myctophidae,Stenobrachius,Stenobrachius leucopsarus
ASV_123,Eukaryota,Chordata,Actinopteri,Salmoniformes,Salmonidae,Oncorhynchus,Oncorhynchus kisutch
ASV_125,Eukaryota,Chordata,Actinopteri,Stomiiformes,Gonostomatidae,Cyclothone,Cyclothone acclinidens
ASV_128,Eukaryota,Chordata,Actinopteri,Clupeiformes,Engraulidae,Engraulis,Engraulis mordax
ASV_135,Eukaryota,Chordata,Actinopteri,Myctophiformes,Myctophidae,Stenobrachius,Stenobrachius leucopsarus
ASV_136,Eukaryota,Chordata,Actinopteri,Clupeiformes,Engraulidae,Engraulis,Engraulis mordax
ASV_140,Eukaryota,Chordata,Actinopteri,Clupeiformes,Engraulidae,Engraulis,Engraulis mordax
ASV_162,Eukaryota,Chordata,Actinopteri,Pleuronectiformes,Pleuronectidae,Lyopsetta,Lyopsetta exilis
ASV_163,Eukaryota,Chordata,Chondrichthyes,Chimaeriformes,Chimaeridae,Hydrolagus,Hydrolagus colliei
ASV_169,Eukaryota,Chordata,Actinopteri,Perciformes,Zoarcidae,Melanostigma,Melanostigma atlanticum
ASV_177,Eukaryota,Chordata,Actinopteri,Clupeiformes,Clupeidae,unassigned,unassigned
ASV_181,Eukaryota,Chordata,Actinopteri,Clupeiformes,Engraulidae,Engraulis,Engraulis mordax
ASV_184,Eukaryota,Chordata,Actinopteri,Lutjaniformes,Haemulidae,g_,s_
ASV_191,Eukaryota,Chordata,Actinopteri,Perciformes,Sebastidae,Sebastes,unassigned
ASV_195,Eukaryota,Chordata,Actinopteri,Salmoniformes,Salmonidae,Oncorhynchus,Oncorhynchus tshawytscha
ASV_200,Eukaryota,Chordata,Actinopteri,Clupeiformes,Engraulidae,Engraulis,Engraulis mordax
ASV_202,Eukaryota,Chordata,Actinopteri,Gadiformes,Merlucciidae,Merluccius,Merluccius productus
ASV_207,Eukaryota,Chordata,Actinopteri,Pleuronectiformes,Paralichthyidae,Paralichthys,s_
ASV_210,Eukaryota,Chordata,Actinopteri,Gadiformes,Macrouridae,Malacocephalus,unassigned
ASV_214,Eukaryota,Chordata,Actinopteri,Clupeiformes,Engraulidae,Engraulis,Engraulis mordax
ASV_223,Eukaryota,Chordata,Actinopteri,Argentiniformes,Argentinidae,g_,s_
ASV_227,Eukaryota,Chordata,Actinopteri,Clupeiformes,Engraulidae,Engraulis,Engraulis mordax
ASV_232,Eukaryota,Chordata,Actinopteri,Beloniformes,Belonidae,Cololabis,Cololabis saira
ASV_233,Eukaryota,Chordata,Actinopteri,Clupeiformes,Engraulidae,Engraulis,Engraulis mordax
ASV_239,Eukaryota,Chordata,Actinopteri,Clupeiformes,Engraulidae,Engraulis,Engraulis mordax
ASV_240,Eukaryota,Chordata,Actinopteri,Clupeiformes,Engraulidae,Engraulis,Engraulis mordax
ASV_245,Eukaryota,Chordata,Actinopteri,Myctophiformes,Myctophidae,Stenobrachius,Stenobrachius leucopsarus
ASV_246,Eukaryota,Chordata,Actinopteri,Clupeiformes,Clupeidae,Sardinops,Sardinops melanostictus
ASV_253,Eukaryota,Chordata,Actinopteri,Myctophiformes,Myctophidae,Stenobrachius,Stenobrachius leucopsarus
ASV_254,Eukaryota,Chordata,Actinopteri,Argentiniformes,Bathylagidae,Leuroglossus,Leuroglossus schmidti
ASV_270,Eukaryota,Chordata,Actinopteri,Argentiniformes,Bathylagidae,Leuroglossus,Leuroglossus schmidti
ASV_278,Eukaryota,Chordata,Actinopteri,Perciformes,Sebastidae,Sebastes,unassigned
ASV_283,Eukaryota,Chordata,Actinopteri,Perciformes,Sebastidae,Sebastes,unassigned
ASV_285,Eukaryota,Chordata,Actinopteri,Clupeiformes,Engraulidae,Engraulis,Engraulis mordax
ASV_289,Eukaryota,Chordata,Mammalia,Cetacea,Balaenopteridae,Megaptera,Megaptera novaeangliae
ASV_300,Eukaryota,Chordata,Mammalia,Cetacea,Delphinidae,unassigned,unassigned
ASV_314,Eukaryota,Chordata,Actinopteri,Myctophiformes,Myctophidae,Stenobrachius,Stenobrachius leucopsarus
ASV_316,Eukaryota,Chordata,Chondrichthyes,Chimaeriformes,Chimaeridae,Hydrolagus,Hydrolagus colliei
ASV_325,Eukaryota,Chordata,Mammalia,Cetacea,Balaenopteridae,Megaptera,Megaptera novaeangliae
ASV_345,Eukaryota,Chordata,Actinopteri,Clupeiformes,Engraulidae,Engraulis,Engraulis mordax
ASV_356,Eukaryota,Chordata,Actinopteri,Myctophiformes,Myctophidae,Stenobrachius,Stenobrachius leucopsarus
ASV_370,Eukaryota,Chordata,Actinopteri,Myctophiformes,Myctophidae,Diaphus,Diaphus theta
ASV_396,Eukaryota,Chordata,Actinopteri,Clupeiformes,Engraulidae,Engraulis,Engraulis mordax
ASV_401,Eukaryota,Chordata,Actinopteri,Clupeiformes,Engraulidae,Engraulis,Engraulis mordax
ASV_407,Eukaryota,Chordata,Actinopteri,Argentiniformes,Argentinidae,g_,s_
ASV_411,Eukaryota,Chordata,Actinopteri,Clupeiformes,Engraulidae,Engraulis,Engraulis mordax
ASV_426,Eukaryota,Chordata,Actinopteri,Stomiiformes,Stomiidae,Idiacanthus,Idiacanthus antrostomus
ASV_436,Eukaryota,Chordata,Actinopteri,Myctophiformes,Myctophidae,Stenobrachius,Stenobrachius leucopsarus
ASV_447,Eukaryota,Chordata,Mammalia,Carnivora,Otariidae,Zalophus,Zalophus californianus
ASV_466,Eukaryota,Chordata,Mammalia,Cetacea,Balaenopteridae,Balaenoptera,Balaenoptera musculus
ASV_484,Eukaryota,Chordata,Actinopteri,Myctophiformes,Myctophidae,Tarletonbeania,Tarletonbeania crenularis
ASV_489,Eukaryota,Chordata,Actinopteri,Myctophiformes,Myctophidae,Lampanyctus,Lampanyctus tenuiformis
ASV_495,Eukaryota,Chordata,Actinopteri,Myctophiformes,Myctophidae,Stenobrachius,Stenobrachius leucopsarus
ASV_502,Eukaryota,Chordata,Mammalia,Cetacea,Ziphiidae,Ziphius,Ziphius cavirostris
ASV_504,Eukaryota,Chordata,Actinopteri,Clupeiformes,Engraulidae,Engraulis,Engraulis mordax
ASV_515,Eukaryota,Chordata,Actinopteri,Argentiniformes,Bathylagidae,Leuroglossus,Leuroglossus schmidti
ASV_522,Eukaryota,Chordata,Actinopteri,Gadiformes,Merlucciidae,Merluccius,Merluccius productus
ASV_532,Eukaryota,Chordata,Actinopteri,Clupeiformes,Engraulidae,Engraulis,Engraulis mordax
ASV_535,Eukaryota,Chordata,Actinopteri,Clupeiformes,Engraulidae,Engraulis,Engraulis mordax
ASV_540,Eukaryota,Chordata,Actinopteri,Argentiniformes,Bathylagidae,Leuroglossus,Leuroglossus schmidti
ASV_549,Eukaryota,Chordata,Actinopteri,Myctophiformes,Myctophidae,Stenobrachius,Stenobrachius leucopsarus
ASV_554,Eukaryota,Chordata,Actinopteri,Myctophiformes,Myctophidae,Nannobrachium,unassigned
ASV_555,Eukaryota,Chordata,Actinopteri,Clupeiformes,Engraulidae,Engraulis,Engraulis mordax
ASV_577,Eukaryota,Chordata,Actinopteri,Gadiformes,Merlucciidae,Merluccius,Merluccius productus
ASV_579,Eukaryota,Chordata,Actinopteri,Myctophiformes,Myctophidae,Stenobrachius,Stenobrachius leucopsarus
ASV_593,Eukaryota,Chordata,Actinopteri,Clupeiformes,Engraulidae,Engraulis,Engraulis mordax
ASV_599,Eukaryota,Chordata,Actinopteri,Alepocephaliformes,Platytroctidae,Sagamichthys,Sagamichthys abei
ASV_608,Eukaryota,Chordata,Actinopteri,Scombriformes,Centrolophidae,Icichthys,Icichthys lockingtoni
ASV_616,Eukaryota,Chordata,Actinopteri,Argentiniformes,Bathylagidae,Leuroglossus,Leuroglossus schmidti
ASV_618,Eukaryota,Chordata,Actinopteri,Pleuronectiformes,Paralichthyidae,Citharichthys,Citharichthys sordidus
ASV_624,Eukaryota,Chordata,Actinopteri,Clupeiformes,Engraulidae,Engraulis,Engraulis mordax
ASV_625,Eukaryota,Chordata,Actinopteri,Clupeiformes,Engraulidae,Engraulis,Engraulis mordax
ASV_633,Eukaryota,Chordata,Actinopteri,Clupeiformes,Engraulidae,Engraulis,Engraulis mordax
ASV_636,Eukaryota,Chordata,Actinopteri,Argentiniformes,Bathylagidae,Leuroglossus,Leuroglossus schmidti
ASV_639,Eukaryota,Chordata,Actinopteri,Myctophiformes,Myctophidae,Nannobrachium,unassigned
ASV_644,Eukaryota,Chordata,Actinopteri,Myctophiformes,Myctophidae,Stenobrachius,Stenobrachius leucopsarus
ASV_645,Eukaryota,Chordata,Actinopteri,Argentiniformes,Bathylagidae,Leuroglossus,Leuroglossus schmidti
ASV_648,Eukaryota,Chordata,Actinopteri,Gadiformes,Merlucciidae,Merluccius,Merluccius productus
ASV_664,Eukaryota,Chordata,Actinopteri,Clupeiformes,Engraulidae,Engraulis,Engraulis mordax
ASV_666,Eukaryota,Chordata,Actinopteri,Gadiformes,Merlucciidae,Merluccius,Merluccius productus
ASV_670,Eukaryota,Chordata,Mammalia,Cetacea,Delphinidae,unassigned,unassigned
ASV_678,Eukaryota,Chordata,Actinopteri,Argentiniformes,Bathylagidae,Leuroglossus,Leuroglossus schmidti
ASV_685,Eukaryota,Chordata,Actinopteri,Clupeiformes,Engraulidae,Engraulis,Engraulis mordax
ASV_689,Eukaryota,Chordata,Actinopteri,Perciformes,Sebastidae,Sebastes,unassigned
ASV_691,Eukaryota,Chordata,Actinopteri,Myctophiformes,Neoscopelidae,Scopelengys,Scopelengys tristis
ASV_714,Eukaryota,Chordata,Actinopteri,Anabantiformes,Channidae,g_,s_
ASV_717,Eukaryota,Chordata,Actinopteri,Myctophiformes,Myctophidae,Stenobrachius,Stenobrachius leucopsarus
ASV_741,Eukaryota,Chordata,Actinopteri,Perciformes,Sebastidae,Sebastes,unassigned
ASV_755,Eukaryota,Chordata,Actinopteri,Myctophiformes,Myctophidae,Stenobrachius,Stenobrachius leucopsarus
ASV_761,Eukaryota,Chordata,Actinopteri,Alepocephaliformes,Platytroctidae,Holtbyrnia,s_
ASV_764,Eukaryota,Chordata,Actinopteri,Argentiniformes,Bathylagidae,Lipolagus,Lipolagus ochotensis
ASV_770,Eukaryota,Chordata,Actinopteri,Lampriformes,Lampridae,Lampris,Lampris guttatus
ASV_775,Eukaryota,Chordata,Actinopteri,Clupeiformes,Engraulidae,Engraulis,Engraulis mordax
ASV_782,Eukaryota,Chordata,Actinopteri,Myctophiformes,Myctophidae,Stenobrachius,Stenobrachius leucopsarus
ASV_785,Eukaryota,Chordata,Actinopteri,Argentiniformes,Bathylagidae,Pseudobathylagus,Pseudobathylagus milleri
ASV_802,Eukaryota,Chordata,Actinopteri,Argentiniformes,Bathylagidae,Lipolagus,Lipolagus ochotensis
ASV_825,Eukaryota,Chordata,Actinopteri,Myctophiformes,Myctophidae,Lampanyctus,Lampanyctus tenuiformis
ASV_850,Eukaryota,Chordata,Actinopteri,Argentiniformes,Bathylagidae,Leuroglossus,Leuroglossus schmidti
ASV_852,Eukaryota,Chordata,Actinopteri,Perciformes,Sebastidae,Sebastes,unassigned
ASV_864,Eukaryota,Chordata,Actinopteri,unknown,Moronidae,Morone,Morone saxatilis
ASV_866,Eukaryota,Chordata,Actinopteri,Clupeiformes,Engraulidae,Engraulis,Engraulis mordax
ASV_874,Eukaryota,Chordata,Actinopteri,Clupeiformes,Engraulidae,Engraulis,Engraulis mordax
ASV_894,Eukaryota,Chordata,Actinopteri,Pleuronectiformes,Paralichthyidae,Citharichthys,Citharichthys sordidus
ASV_912,Eukaryota,Chordata,Actinopteri,Myctophiformes,Myctophidae,Stenobrachius,Stenobrachius leucopsarus
ASV_925,Eukaryota,Chordata,Actinopteri,Myctophiformes,Myctophidae,Symbolophorus,Symbolophorus californiensis
ASV_935,Eukaryota,Chordata,Actinopteri,Gadiformes,Merlucciidae,Merluccius,Merluccius productus
ASV_945,Eukaryota,Chordata,Actinopteri,Clupeiformes,Engraulidae,Engraulis,Engraulis mordax
ASV_985,Eukaryota,Chordata,Actinopteri,Lampriformes,Trachipteridae,Trachipterus,unassigned
ASV_990,Eukaryota,Chordata,Actinopteri,Myctophiformes,Myctophidae,Stenobrachius,Stenobrachius leucopsarus
ASV_992,Eukaryota,Chordata,Actinopteri,Myctophiformes,Myctophidae,Stenobrachius,Stenobrachius leucopsarus
ASV_996,Eukaryota,Chordata,Actinopteri,Clupeiformes,Engraulidae,Engraulis,Engraulis mordax
ASV_997,Eukaryota,Chordata,Actinopteri,Alepocephaliformes,Platytroctidae,Sagamichthys,Sagamichthys abei
ASV_1002,Eukaryota,Chordata,Actinopteri,Myctophiformes,Myctophidae,Diaphus,Diaphus theta
ASV_1007,Eukaryota,Chordata,Actinopteri,Clupeiformes,Engraulidae,Engraulis,Engraulis mordax
ASV_1008,Eukaryota,Chordata,Actinopteri,Clupeiformes,Engraulidae,Engraulis,Engraulis mordax
ASV_1025,Eukaryota,Chordata,Actinopteri,Clupeiformes,Engraulidae,Engraulis,Engraulis mordax
ASV_1036,Eukaryota,Chordata,Actinopteri,Myctophiformes,Myctophidae,Protomyctophum,unassigned
ASV_1045,Eukaryota,Chordata,Actinopteri,Argentiniformes,Bathylagidae,Leuroglossus,Leuroglossus schmidti
ASV_1054,Eukaryota,Chordata,Actinopteri,Perciformes,Liparidae,Nectoliparis,Nectoliparis pelagicus
ASV_1066,Eukaryota,Chordata,Chondrichthyes,Chimaeriformes,Chimaeridae,Hydrolagus,Hydrolagus colliei
ASV_1073,Eukaryota,Chordata,Actinopteri,Pleuronectiformes,Pleuronectidae,Pleuronichthys,Pleuronichthys decurrens
ASV_1075,Eukaryota,Chordata,Actinopteri,Clupeiformes,Engraulidae,Engraulis,Engraulis mordax
ASV_1085,Eukaryota,Chordata,Actinopteri,Argentiniformes,Argentinidae,g_,s_
ASV_1087,Eukaryota,Chordata,Actinopteri,Clupeiformes,Engraulidae,Engraulis,Engraulis mordax
ASV_1092,Eukaryota,Chordata,Actinopteri,Clupeiformes,Engraulidae,Engraulis,Engraulis mordax
ASV_1101,Eukaryota,Chordata,Actinopteri,Perciformes,Sebastidae,Sebastes,unassigned
ASV_1121,Eukaryota,Chordata,Actinopteri,Perciformes,Sebastidae,Sebastes,unassigned
ASV_1148,Eukaryota,Chordata,Actinopteri,Myctophiformes,Myctophidae,Diaphus,Diaphus theta
ASV_1162,Eukaryota,Chordata,Actinopteri,unknown,Sciaenidae,Genyonemus,Genyonemus lineatus
ASV_1182,Eukaryota,Chordata,Actinopteri,Myctophiformes,Myctophidae,Diaphus,Diaphus theta
ASV_1188,Eukaryota,Chordata,Actinopteri,Stomiiformes,Stomiidae,Chauliodus,Chauliodus macouni
ASV_1202,Eukaryota,Chordata,Actinopteri,Myctophiformes,Myctophidae,Diaphus,Diaphus theta
ASV_1206,Eukaryota,Chordata,Actinopteri,Gadiformes,Merlucciidae,Merluccius,Merluccius productus
ASV_1212,Eukaryota,Chordata,Actinopteri,Perciformes,Sebastidae,Sebastes,unassigned
ASV_1232,Eukaryota,Chordata,Actinopteri,Myctophiformes,Myctophidae,Stenobrachius,Stenobrachius leucopsarus
ASV_1245,Eukaryota,Chordata,Actinopteri,Perciformes,Sebastidae,Sebastes,unassigned
ASV_1254,Eukaryota,Chordata,Actinopteri,Pleuronectiformes,Paralichthyidae,Citharichthys,Citharichthys sordidus
ASV_1261,Eukaryota,Chordata,Actinopteri,Salmoniformes,Salmonidae,Oncorhynchus,unassigned
ASV_1271,Eukaryota,Chordata,Actinopteri,Carangiformes,Carangidae,Trachurus,Trachurus symmetricus
ASV_1272,Eukaryota,Chordata,Actinopteri,Myctophiformes,Myctophidae,Stenobrachius,Stenobrachius leucopsarus
ASV_1273,Eukaryota,Chordata,Actinopteri,Perciformes,Sebastidae,Sebastes,unassigned
ASV_1277,Eukaryota,Chordata,Actinopteri,Myctophiformes,Myctophidae,Stenobrachius,Stenobrachius leucopsarus
ASV_1280,Eukaryota,Chordata,Mammalia,Cetacea,Delphinidae,Grampus,Grampus griseus
ASV_1298,Eukaryota,Chordata,Actinopteri,unknown,Sciaenidae,Genyonemus,Genyonemus lineatus
ASV_1336,Eukaryota,Chordata,Actinopteri,Myctophiformes,Myctophidae,Stenobrachius,Stenobrachius leucopsarus
ASV_1340,Eukaryota,Chordata,Actinopteri,Myctophiformes,Myctophidae,Stenobrachius,Stenobrachius leucopsarus
ASV_1362,Eukaryota,Chordata,Actinopteri,Myctophiformes,Myctophidae,Stenobrachius,Stenobrachius leucopsarus
ASV_1369,Eukaryota,Chordata,Actinopteri,Perciformes,Sebastidae,Sebastes,unassigned
ASV_1378,Eukaryota,Chordata,Actinopteri,Clupeiformes,Engraulidae,Engraulis,Engraulis mordax
ASV_1382,Eukaryota,Chordata,Actinopteri,Perciformes,Sebastidae,Sebastes,unassigned
ASV_1392,Eukaryota,Chordata,Actinopteri,Myctophiformes,Myctophidae,Tarletonbeania,Tarletonbeania crenularis
ASV_1393,Eukaryota,Chordata,Mammalia,Carnivora,Phocidae,Mirounga,Mirounga angustirostris
ASV_1463,Eukaryota,Chordata,Actinopteri,Argentiniformes,Bathylagidae,Leuroglossus,Leuroglossus schmidti
ASV_1469,Eukaryota,Chordata,Actinopteri,Perciformes,Sebastidae,Sebastes,unassigned
ASV_1475,Eukaryota,Chordata,Actinopteri,Pleuronectiformes,Paralichthyidae,Citharichthys,Citharichthys sordidus
ASV_1477,Eukaryota,Chordata,Actinopteri,Myctophiformes,Myctophidae,Diaphus,Diaphus theta
ASV_1478,Eukaryota,Chordata,Mammalia,Cetacea,Ziphiidae,Berardius,Berardius bairdii
ASV_1481,Eukaryota,Chordata,Actinopteri,Argentiniformes,Bathylagidae,Leuroglossus,Leuroglossus schmidti
ASV_1483,Eukaryota,Chordata,Actinopteri,Clupeiformes,Engraulidae,Engraulis,Engraulis mordax
ASV_1500,Eukaryota,Chordata,Actinopteri,Myctophiformes,Myctophidae,Tarletonbeania,unassigned
ASV_1517,Eukaryota,Chordata,Chondrichthyes,Squaliformes,Squalidae,Squalus,unassigned
ASV_1524,Eukaryota,Chordata,Actinopteri,Myctophiformes,Myctophidae,Stenobrachius,Stenobrachius leucopsarus
ASV_1555,Eukaryota,Chordata,Actinopteri,Argentiniformes,Bathylagidae,Leuroglossus,Leuroglossus schmidti
ASV_1569,Eukaryota,Chordata,Actinopteri,unknown,Sciaenidae,Genyonemus,Genyonemus lineatus
ASV_1606,Eukaryota,Chordata,Actinopteri,Argentiniformes,Bathylagidae,Lipolagus,Lipolagus ochotensis
ASV_1628,Eukaryota,Chordata,Actinopteri,Argentiniformes,Bathylagidae,Leuroglossus,Leuroglossus schmidti
ASV_1704,Eukaryota,Chordata,Actinopteri,Perciformes,Sebastidae,Sebastes,unassigned
ASV_1716,Eukaryota,Chordata,Actinopteri,Scombriformes,Scombridae,Scomberomorus,unassigned
ASV_1718,Eukaryota,Chordata,Actinopteri,Myctophiformes,Myctophidae,Stenobrachius,Stenobrachius leucopsarus
ASV_1725,Eukaryota,Chordata,Actinopteri,Perciformes,Serranidae,g_,s_
ASV_1773,Eukaryota,Chordata,Actinopteri,Clupeiformes,Engraulidae,Engraulis,s_
ASV_1779,Eukaryota,Chordata,Actinopteri,Pleuronectiformes,Pleuronectidae,Microstomus,Microstomus pacificus
ASV_1784,Eukaryota,Chordata,Actinopteri,Myctophiformes,Myctophidae,Stenobrachius,Stenobrachius leucopsarus
ASV_1789,Eukaryota,Chordata,Actinopteri,Perciformes,Sebastidae,Sebastes,unassigned
ASV_1791,Eukaryota,Chordata,Actinopteri,Argentiniformes,Argentinidae,g_,s_
ASV_1801,Eukaryota,Chordata,Actinopteri,Myctophiformes,Myctophidae,Diaphus,Diaphus theta
ASV_1803,Eukaryota,Chordata,Mammalia,Cetacea,Delphinidae,Orcinus,Orcinus orca
ASV_1810,Eukaryota,Chordata,Actinopteri,Clupeiformes,Clupeidae,Sardinops,Sardinops melanostictus
ASV_1816,Eukaryota,Chordata,Chondrichthyes,Chimaeriformes,Chimaeridae,Hydrolagus,Hydrolagus colliei
ASV_1841,Eukaryota,Chordata,Actinopteri,Perciformes,Sebastidae,Sebastes,unassigned
ASV_1843,Eukaryota,Chordata,Actinopteri,Myctophiformes,Myctophidae,Lampanyctus,Lampanyctus tenuiformis
ASV_1856,Eukaryota,Chordata,Actinopteri,Perciformes,Sebastidae,Sebastes,unassigned
ASV_1871,Eukaryota,Chordata,Actinopteri,Gadiformes,Merlucciidae,Merluccius,Merluccius productus
ASV_1878,Eukaryota,Chordata,Actinopteri,Argentiniformes,Bathylagidae,Leuroglossus,Leuroglossus schmidti
ASV_1891,Eukaryota,Chordata,Actinopteri,Gadiformes,Merlucciidae,Merluccius,Merluccius productus
ASV_1944,Eukaryota,Chordata,Actinopteri,Myctophiformes,Myctophidae,Diaphus,Diaphus theta
ASV_1952,Eukaryota,Chordata,Actinopteri,Argentiniformes,Bathylagidae,Leuroglossus,Leuroglossus schmidti
ASV_2023,Eukaryota,Chordata,Actinopteri,Clupeiformes,Engraulidae,Engraulis,Engraulis mordax
ASV_2029,Eukaryota,Chordata,Actinopteri,Clupeiformes,Engraulidae,Engraulis,Engraulis mordax
ASV_2052,Eukaryota,Chordata,Mammalia,Cetacea,Cervidae,Cervus,Cervus elaphus
ASV_2066,Eukaryota,Chordata,Actinopteri,Myctophiformes,Myctophidae,Diaphus,Diaphus theta
ASV_2071,Eukaryota,Chordata,Actinopteri,Argentiniformes,Bathylagidae,Lipolagus,Lipolagus ochotensis
ASV_2134,Eukaryota,Chordata,Actinopteri,Myctophiformes,Myctophidae,Stenobrachius,Stenobrachius leucopsarus
ASV_2141,Eukaryota,Chordata,Actinopteri,Myctophiformes,Myctophidae,Stenobrachius,Stenobrachius leucopsarus
ASV_2146,Eukaryota,Chordata,Actinopteri,Pleuronectiformes,Paralichthyidae,Citharichthys,Citharichthys sordidus
ASV_2170,Eukaryota,Chordata,Chondrichthyes,Squaliformes,Squalidae,Squalus,unassigned
ASV_2237,Eukaryota,Chordata,Actinopteri,Argentiniformes,Bathylagidae,Leuroglossus,Leuroglossus schmidti
ASV_2243,Eukaryota,Chordata,Actinopteri,Myctophiformes,Myctophidae,Lampanyctus,Lampanyctus tenuiformis
ASV_2259,Eukaryota,Chordata,Actinopteri,Myctophiformes,Myctophidae,Stenobrachius,Stenobrachius leucopsarus
ASV_2315,Eukaryota,Chordata,Actinopteri,Myctophiformes,Myctophidae,unassigned,unassigned
ASV_2320,Eukaryota,Chordata,Mammalia,Cetacea,Ziphiidae,Ziphius,Ziphius cavirostris
ASV_2339,Eukaryota,Chordata,Actinopteri,Myctophiformes,Myctophidae,Lampanyctus,Lampanyctus tenuiformis
ASV_2368,Eukaryota,Chordata,Actinopteri,Myctophiformes,Myctophidae,Tarletonbeania,Tarletonbeania crenularis
ASV_2383,Eukaryota,Chordata,Actinopteri,Myctophiformes,Myctophidae,Stenobrachius,Stenobrachius leucopsarus
ASV_2403,Eukaryota,Chordata,Chondrichthyes,Chimaeriformes,Chimaeridae,Hydrolagus,Hydrolagus colliei
ASV_2408,Eukaryota,Chordata,Actinopteri,Perciformes,Sebastidae,Sebastes,unassigned
ASV_2432,Eukaryota,Chordata,Actinopteri,Stomiiformes,Gonostomatidae,Cyclothone,Cyclothone signata
ASV_2479,Eukaryota,Chordata,Mammalia,Cetacea,Balaenopteridae,Megaptera,Megaptera novaeangliae
ASV_2490,Eukaryota,Chordata,Actinopteri,Perciformes,Sebastidae,Sebastes,unassigned
ASV_2492,Eukaryota,Chordata,Actinopteri,Myctophiformes,Myctophidae,Stenobrachius,Stenobrachius leucopsarus
ASV_2508,Eukaryota,Chordata,Actinopteri,Argentiniformes,Bathylagidae,Lipolagus,Lipolagus ochotensis
ASV_2596,Eukaryota,Chordata,Actinopteri,Argentiniformes,Bathylagidae,Leuroglossus,Leuroglossus schmidti
ASV_2608,Eukaryota,Chordata,Actinopteri,Argentiniformes,Bathylagidae,Leuroglossus,Leuroglossus schmidti
ASV_2628,Eukaryota,Chordata,Actinopteri,Clupeiformes,Engraulidae,Engraulis,s_
ASV_2745,Eukaryota,Chordata,Actinopteri,Perciformes,Sebastidae,Sebastes,unassigned
ASV_2758,Eukaryota,Chordata,Actinopteri,Gadiformes,Merlucciidae,Merluccius,Merluccius productus
ASV_2794,Eukaryota,Chordata,Actinopteri,Argentiniformes,Bathylagidae,Leuroglossus,Leuroglossus schmidti
ASV_2802,Eukaryota,Chordata,Actinopteri,Myctophiformes,Myctophidae,Diaphus,Diaphus theta
ASV_2822,Eukaryota,Chordata,Actinopteri,Argentiniformes,Bathylagidae,Lipolagus,Lipolagus ochotensis
ASV_2846,Eukaryota,Chordata,Actinopteri,Argentiniformes,Bathylagidae,Lipolagus,Lipolagus ochotensis
ASV_2872,Eukaryota,Chordata,Actinopteri,Clupeiformes,Clupeidae,Sardinops,Sardinops melanostictus
ASV_2913,Eukaryota,Chordata,Actinopteri,Myctophiformes,Myctophidae,Stenobrachius,Stenobrachius leucopsarus
ASV_2946,Eukaryota,Chordata,Actinopteri,Myctophiformes,Myctophidae,Stenobrachius,Stenobrachius leucopsarus
ASV_2969,Eukaryota,Chordata,Actinopteri,Myctophiformes,Myctophidae,Lampanyctus,Lampanyctus tenuiformis
ASV_3052,Eukaryota,Chordata,Actinopteri,Myctophiformes,Myctophidae,Lampanyctus,Lampanyctus tenuiformis
ASV_3053,Eukaryota,Chordata,Actinopteri,Argentiniformes,Bathylagidae,Leuroglossus,Leuroglossus schmidti
ASV_3073,Eukaryota,Chordata,Actinopteri,Clupeiformes,Engraulidae,Engraulis,s_
ASV_3086,Eukaryota,Chordata,Actinopteri,Gadiformes,Merlucciidae,Merluccius,Merluccius productus
ASV_3112,Eukaryota,Chordata,Actinopteri,Argentiniformes,Bathylagidae,Lipolagus,Lipolagus ochotensis
ASV_3137,Eukaryota,Chordata,Chondrichthyes,Carcharhiniformes,Scyliorhinidae,Apristurus,Apristurus brunneus
ASV_3148,Eukaryota,Chordata,Actinopteri,Clupeiformes,Engraulidae,Engraulis,Engraulis mordax
ASV_3175,Eukaryota,Chordata,Actinopteri,Clupeiformes,Engraulidae,Engraulis,Engraulis mordax
ASV_3228,Eukaryota,Chordata,Actinopteri,Clupeiformes,Clupeidae,Sardinops,Sardinops melanostictus
ASV_3230,Eukaryota,Chordata,Actinopteri,Myctophiformes,Myctophidae,Diaphus,Diaphus theta
ASV_3268,Eukaryota,Chordata,Chondrichthyes,Squaliformes,Squalidae,Squalus,unassigned
ASV_3292,Eukaryota,Chordata,Actinopteri,Clupeiformes,Engraulidae,Engraulis,Engraulis mordax
ASV_3300,Eukaryota,Chordata,Actinopteri,Perciformes,Sebastidae,Sebastes,unassigned
ASV_3310,Eukaryota,Chordata,Actinopteri,Myctophiformes,Myctophidae,Stenobrachius,Stenobrachius leucopsarus
ASV_3407,Eukaryota,Chordata,Mammalia,Cetacea,Balaenopteridae,Megaptera,Megaptera novaeangliae
ASV_3428,Eukaryota,Chordata,Actinopteri,Myctophiformes,Myctophidae,Triphoturus,Triphoturus mexicanus
ASV_3448,Eukaryota,Chordata,Actinopteri,Clupeiformes,Engraulidae,Engraulis,Engraulis mordax
ASV_3524,Eukaryota,Chordata,Actinopteri,Scombriformes,Scombridae,Scomber,unassigned
ASV_3576,Eukaryota,Chordata,Actinopteri,Clupeiformes,Engraulidae,Engraulis,Engraulis mordax
ASV_3590,Eukaryota,Chordata,Actinopteri,Myctophiformes,Myctophidae,unassigned,unassigned
ASV_3603,Eukaryota,Chordata,Actinopteri,Clupeiformes,Engraulidae,Engraulis,Engraulis mordax
ASV_3628,Eukaryota,Chordata,Mammalia,Cetacea,Delphinidae,g_,s_
ASV_3661,Eukaryota,Chordata,Actinopteri,Clupeiformes,Engraulidae,Engraulis,Engraulis mordax
ASV_3688,Eukaryota,Chordata,Actinopteri,Myctophiformes,Myctophidae,g_,s_
ASV_3692,Eukaryota,Chordata,Actinopteri,Perciformes,Sebastidae,Sebastes,unassigned
ASV_3709,Eukaryota,Chordata,Actinopteri,Myctophiformes,Myctophidae,Stenobrachius,Stenobrachius leucopsarus
ASV_3723,Eukaryota,Chordata,Actinopteri,Myctophiformes,Myctophidae,g_,s_
ASV_3747,Eukaryota,Chordata,Chondrichthyes,Chimaeriformes,Chimaeridae,Hydrolagus,Hydrolagus colliei
ASV_3803,Eukaryota,Chordata,Actinopteri,Carangiformes,Carangidae,Trachurus,Trachurus symmetricus
ASV_3815,Eukaryota,Chordata,Chondrichthyes,Chimaeriformes,Chimaeridae,Hydrolagus,Hydrolagus colliei
ASV_3827,Eukaryota,Chordata,Actinopteri,Argentiniformes,Argentinidae,g_,s_
ASV_3859,Eukaryota,Chordata,Mammalia,Cetacea,Balaenopteridae,Megaptera,Megaptera novaeangliae
ASV_3927,Eukaryota,Chordata,Actinopteri,Argentiniformes,Bathylagidae,Leuroglossus,Leuroglossus schmidti
ASV_3956,Eukaryota,Chordata,Actinopteri,Myctophiformes,Myctophidae,Lampanyctus,Lampanyctus tenuiformis
ASV_3992,Eukaryota,Chordata,Actinopteri,Argentiniformes,Argentinidae,g_,s_
ASV_4007,Eukaryota,Chordata,Actinopteri,Clupeiformes,Engraulidae,Engraulis,Engraulis mordax
ASV_4018,Eukaryota,Chordata,Actinopteri,Salmoniformes,Salmonidae,Oncorhynchus,unassigned
ASV_4045,Eukaryota,Chordata,Actinopteri,Perciformes,Sebastidae,Sebastes,unassigned
ASV_4088,Eukaryota,Chordata,Actinopteri,Clupeiformes,Engraulidae,Engraulis,Engraulis mordax
ASV_4142,Eukaryota,Chordata,Actinopteri,Argentiniformes,Bathylagidae,Lipolagus,Lipolagus ochotensis
ASV_4151,Eukaryota,Chordata,Actinopteri,Clupeiformes,Engraulidae,Engraulis,Engraulis mordax
ASV_4165,Eukaryota,Chordata,Mammalia,Cetacea,Ziphiidae,g_,s_
ASV_4317,Eukaryota,Chordata,Actinopteri,Gadiformes,Merlucciidae,Merluccius,Merluccius productus
ASV_4381,Eukaryota,Chordata,Actinopteri,Clupeiformes,Engraulidae,Engraulis,Engraulis mordax
ASV_4394,Eukaryota,Chordata,Actinopteri,Perciformes,Sebastidae,Sebastes,Sebastes paucispinis
ASV_4461,Eukaryota,Chordata,Actinopteri,Clupeiformes,Engraulidae,Engraulis,Engraulis mordax
ASV_4507,Eukaryota,Chordata,Aves,Procellariiformes,Procellariidae,Puffinus,unassigned
ASV_4544,Eukaryota,Chordata,Actinopteri,Clupeiformes,Engraulidae,Engraulis,Engraulis mordax
ASV_4607,Eukaryota,Chordata,Actinopteri,Aulopiformes,Paralepididae,g_,s_
ASV_4614,Eukaryota,Chordata,Actinopteri,Beryciformes,Melamphaidae,Scopelogadus,s_
ASV_4631,Eukaryota,Chordata,Actinopteri,Myctophiformes,Myctophidae,unassigned,s_
ASV_4723,Eukaryota,Chordata,Actinopteri,Myctophiformes,Myctophidae,Stenobrachius,Stenobrachius leucopsarus
ASV_4743,Eukaryota,Chordata,Actinopteri,Clupeiformes,Engraulidae,Engraulis,Engraulis mordax
ASV_4777,Eukaryota,Chordata,Actinopteri,Clupeiformes,Engraulidae,Engraulis,Engraulis mordax
ASV_4808,Eukaryota,Chordata,Actinopteri,Argentiniformes,Bathylagidae,Leuroglossus,Leuroglossus schmidti
ASV_4862,Eukaryota,Chordata,Actinopteri,Myctophiformes,Myctophidae,Stenobrachius,Stenobrachius leucopsarus
ASV_4880,Eukaryota,Chordata,Actinopteri,Clupeiformes,Clupeidae,Sardinops,Sardinops melanostictus
ASV_4882,Eukaryota,Chordata,Actinopteri,Myctophiformes,Myctophidae,Diaphus,Diaphus theta
ASV_4899,Eukaryota,Chordata,Actinopteri,Myctophiformes,Myctophidae,Stenobrachius,Stenobrachius leucopsarus
ASV_4952,Eukaryota,Chordata,Actinopteri,Alepocephaliformes,Platytroctidae,Sagamichthys,Sagamichthys abei
ASV_4964,Eukaryota,Chordata,Actinopteri,Scombriformes,Scombridae,Scomber,unassigned
ASV_4995,Eukaryota,Chordata,Actinopteri,Perciformes,Sebastidae,Sebastes,unassigned
ASV_5008,Eukaryota,Chordata,Actinopteri,Perciformes,Sebastidae,Sebastes,unassigned
ASV_5094,Eukaryota,Chordata,Mammalia,Cetacea,Delphinidae,unassigned,unassigned
ASV_5097,Eukaryota,Chordata,Chondrichthyes,Chimaeriformes,Chimaeridae,Hydrolagus,Hydrolagus colliei
ASV_5122,Eukaryota,Chordata,Actinopteri,Perciformes,Sebastidae,Sebastes,unassigned
ASV_5158,Eukaryota,Chordata,Actinopteri,Clupeiformes,Engraulidae,Engraulis,Engraulis mordax
ASV_5181,Eukaryota,Chordata,Actinopteri,Clupeiformes,Engraulidae,Engraulis,Engraulis mordax
ASV_5213,Eukaryota,Chordata,Mammalia,Cetacea,Delphinidae,unassigned,unassigned
ASV_5310,Eukaryota,Chordata,Actinopteri,Myctophiformes,Myctophidae,Protomyctophum,unassigned
ASV_5354,Eukaryota,Chordata,Actinopteri,Carangiformes,Carangidae,Trachurus,Trachurus symmetricus
ASV_5413,Eukaryota,Chordata,Chondrichthyes,Lamniformes,Alopiidae,Alopias,Alopias vulpinus
ASV_5426,Eukaryota,Chordata,Actinopteri,Clupeiformes,Engraulidae,Engraulis,Engraulis mordax
ASV_5527,Eukaryota,Chordata,Actinopteri,Perciformes,Sebastidae,Sebastes,unassigned
ASV_5528,Eukaryota,Chordata,Actinopteri,Clupeiformes,Engraulidae,Engraulis,Engraulis mordax
ASV_5551,Eukaryota,Chordata,Actinopteri,Argentiniformes,Argentinidae,g_,s_
ASV_5553,Eukaryota,Chordata,Actinopteri,Perciformes,Zoarcidae,Lycodes,Lycodes cortezianus
ASV_5628,Eukaryota,Chordata,Actinopteri,Stomiiformes,Gonostomatidae,Cyclothone,Cyclothone signata
ASV_5640,Eukaryota,Chordata,Actinopteri,Clupeiformes,Engraulidae,Engraulis,Engraulis mordax
ASV_5735,Eukaryota,Chordata,Actinopteri,Clupeiformes,Engraulidae,Engraulis,Engraulis mordax
ASV_5752,Eukaryota,Chordata,Actinopteri,Perciformes,Sebastidae,Sebastes,unassigned
ASV_5783,Eukaryota,Chordata,Actinopteri,Clupeiformes,Engraulidae,Engraulis,Engraulis mordax
ASV_5784,Eukaryota,Chordata,Actinopteri,Clupeiformes,Engraulidae,Engraulis,Engraulis mordax
ASV_5808,Eukaryota,Chordata,Actinopteri,Clupeiformes,Engraulidae,Engraulis,Engraulis mordax
ASV_5828,Eukaryota,Chordata,Actinopteri,Myctophiformes,Myctophidae,Diaphus,Diaphus theta
ASV_5832,Eukaryota,Chordata,Actinopteri,Myctophiformes,Myctophidae,Stenobrachius,Stenobrachius leucopsarus
ASV_5855,Eukaryota,Chordata,Actinopteri,Myctophiformes,Myctophidae,Lampanyctus,Lampanyctus tenuiformis
ASV_5857,Eukaryota,Chordata,Actinopteri,Myctophiformes,Myctophidae,Stenobrachius,s_
ASV_6028,Eukaryota,Chordata,Actinopteri,Clupeiformes,Engraulidae,Engraulis,Engraulis mordax
ASV_6056,Eukaryota,Chordata,Actinopteri,Argentiniformes,Bathylagidae,Lipolagus,Lipolagus ochotensis
ASV_6075,Eukaryota,Chordata,Actinopteri,Pleuronectiformes,Pleuronectidae,Microstomus,Microstomus pacificus
ASV_6102,Eukaryota,Chordata,Actinopteri,Myctophiformes,Myctophidae,g_,s_
ASV_6132,Eukaryota,Chordata,Actinopteri,Perciformes,Sebastidae,Sebastes,unassigned
ASV_6133,Eukaryota,Chordata,Actinopteri,Perciformes,Sebastidae,Sebastes,unassigned
ASV_6191,Eukaryota,Chordata,Actinopteri,Scombriformes,Centrolophidae,Icichthys,Icichthys lockingtoni
ASV_6239,Eukaryota,Chordata,Actinopteri,Myctophiformes,Myctophidae,g_,s_
ASV_6286,Eukaryota,Chordata,Actinopteri,Myctophiformes,Myctophidae,Stenobrachius,Stenobrachius leucopsarus
ASV_6314,Eukaryota,Chordata,Chondrichthyes,Squaliformes,Squalidae,Squalus,unassigned
ASV_6402,Eukaryota,Chordata,Actinopteri,Argentiniformes,Bathylagidae,Leuroglossus,Leuroglossus schmidti
ASV_6434,Eukaryota,Chordata,Actinopteri,Carangiformes,Carangidae,Seriola,s_
ASV_6608,Eukaryota,Chordata,Mammalia,Cetacea,Delphinidae,g_,s_
ASV_6636,Eukaryota,Chordata,Actinopteri,Perciformes,Sebastidae,Sebastes,unassigned
ASV_6714,Eukaryota,Chordata,Actinopteri,Myctophiformes,Myctophidae,Triphoturus,s_
ASV_6719,Eukaryota,Chordata,Actinopteri,unknown,Sciaenidae,Genyonemus,Genyonemus lineatus
ASV_6838,Eukaryota,Chordata,Actinopteri,Clupeiformes,Engraulidae,g_,s_
ASV_6921,Eukaryota,Chordata,Actinopteri,Myctophiformes,Myctophidae,g_,s_
ASV_7035,Eukaryota,Chordata,Actinopteri,Beloniformes,Belonidae,Cololabis,Cololabis saira
ASV_7045,Eukaryota,Chordata,Actinopteri,Clupeiformes,Engraulidae,Engraulis,Engraulis mordax
ASV_7046,Eukaryota,Chordata,Actinopteri,Myctophiformes,Myctophidae,Lampanyctus,Lampanyctus tenuiformis
ASV_7081,Eukaryota,Chordata,Actinopteri,Argentiniformes,Bathylagidae,Bathylagus,Bathylagus pacificus
ASV_7140,Eukaryota,Chordata,Actinopteri,Gadiformes,Merlucciidae,Merluccius,Merluccius productus
ASV_7150,Eukaryota,Chordata,Actinopteri,Gadiformes,Merlucciidae,Merluccius,Merluccius productus
ASV_7241,Eukaryota,Chordata,Actinopteri,Pleuronectiformes,Paralichthyidae,Citharichthys,Citharichthys sordidus
ASV_7288,Eukaryota,Chordata,Actinopteri,Myctophiformes,Myctophidae,Stenobrachius,Stenobrachius leucopsarus
ASV_7335,Eukaryota,Chordata,Actinopteri,Clupeiformes,Engraulidae,Engraulis,Engraulis mordax
ASV_7336,Eukaryota,Chordata,Actinopteri,Myctophiformes,Myctophidae,unassigned,s_
ASV_7532,Eukaryota,Chordata,Mammalia,Cetacea,unassigned,g_,s_
ASV_7596,Eukaryota,Chordata,Mammalia,Carnivora,Otariidae,Zalophus,Zalophus californianus
ASV_7795,Eukaryota,Chordata,Actinopteri,Clupeiformes,Engraulidae,Engraulis,s_
ASV_7799,Eukaryota,Chordata,Actinopteri,Gadiformes,Merlucciidae,Merluccius,Merluccius productus
ASV_7813,Eukaryota,Chordata,Actinopteri,Myctophiformes,Myctophidae,Diaphus,s_
ASV_7872,Eukaryota,Chordata,Actinopteri,Myctophiformes,Myctophidae,g_,s_
ASV_8059,Eukaryota,Chordata,Actinopteri,Clupeiformes,Clupeidae,Sardinops,Sardinops melanostictus
ASV_8107,Eukaryota,Chordata,Actinopteri,Myctophiformes,Myctophidae,Stenobrachius,Stenobrachius leucopsarus
ASV_8238,Eukaryota,Chordata,Actinopteri,Myctophiformes,Myctophidae,g_,s_
ASV_8591,Eukaryota,Chordata,Actinopteri,Pleuronectiformes,Paralichthyidae,Citharichthys,Citharichthys sordidus
ASV_8854,Eukaryota,Chordata,Actinopteri,Myctophiformes,Myctophidae,Stenobrachius,Stenobrachius leucopsarus
ASV_9043,Eukaryota,Chordata,Actinopteri,Clupeiformes,Engraulidae,g_,s_
ASV_9109,Eukaryota,Chordata,Actinopteri,Argentiniformes,Bathylagidae,Leuroglossus,Leuroglossus schmidti
ASV_9335,Eukaryota,Chordata,Actinopteri,Perciformes,Sebastidae,Sebastes,unassigned
ASV_9807,Eukaryota,Chordata,Actinopteri,Myctophiformes,Myctophidae,g_,s_
ASV_9948,Eukaryota,Chordata,Actinopteri,Aulopiformes,Paralepididae,Arctozenus,Arctozenus risso
ASV_10592,Eukaryota,Chordata,Actinopteri,Myctophiformes,Myctophidae,Stenobrachius,s_
ASV_10595,Eukaryota,Chordata,Actinopteri,unassigned,unassigned,g_,s_
ASV_10950,Eukaryota,Chordata,Actinopteri,Myctophiformes,Myctophidae,g_,s_
ASV_11381,Eukaryota,Chordata,Actinopteri,Myctophiformes,Myctophidae,Lampanyctus,Lampanyctus tenuiformis
ASV_11823,Eukaryota,Chordata,Actinopteri,Argentiniformes,Bathylagidae,Leuroglossus,Leuroglossus schmidti
ASV_12632,Eukaryota,Chordata,Actinopteri,Clupeiformes,Engraulidae,Engraulis,Engraulis mordax
ASV_12953,Eukaryota,Chordata,Actinopteri,Perciformes,Sebastidae,Sebastes,unassigned
ASV_13284,Eukaryota,Chordata,Mammalia,Cetacea,unassigned,g_,s_
ASV_13318,Eukaryota,Chordata,Actinopteri,Myctophiformes,Myctophidae,Lampanyctus,Lampanyctus tenuiformis
ASV_13321,Eukaryota,Chordata,Actinopteri,Perciformes,Sebastidae,Sebastes,unassigned
ASV_13643,Eukaryota,Chordata,Actinopteri,Argentiniformes,Bathylagidae,Leuroglossus,s_
ASV_13651,Eukaryota,Chordata,Mammalia,Cetacea,Physeteridae,Physeter,Physeter catodon
ASV_14056,Eukaryota,Chordata,Mammalia,Cetacea,Ziphiidae,g_,s_
ASV_14558,Eukaryota,Chordata,Actinopteri,Perciformes,Sebastidae,Sebastes,unassigned
ASV_15800,Eukaryota,Chordata,Myxini,Myxiniformes,Myxinidae,Eptatretus,unassigned
ASV_17071,Eukaryota,Chordata,Actinopteri,Argentiniformes,Bathylagidae,Lipolagus,Lipolagus ochotensis
ASV_17388,Eukaryota,Chordata,Mammalia,unassigned,unassigned,g_,s_
ASV_19950,Eukaryota,Chordata,Actinopteri,Pleuronectiformes,Paralichthyidae,Citharichthys,Citharichthys sordidus
ASV_21963,Eukaryota,Chordata,Actinopteri,Clupeiformes,Engraulidae,Engraulis,s_
ASV_22703,Eukaryota,Chordata,Actinopteri,Perciformes,Sebastidae,Sebastes,unassigned
ASV_26147,Eukaryota,Chordata,Actinopteri,Clupeiformes,Engraulidae,Engraulis,Engraulis mordax
ASV_28316,Eukaryota,Chordata,Actinopteri,Clupeiformes,Engraulidae,Engraulis,Engraulis mordax
ASV_31771,Eukaryota,Chordata,Actinopteri,Clupeiformes,Engraulidae,Engraulis,Engraulis mordax
ASV_33581,Eukaryota,Chordata,Actinopteri,Pleuronectiformes,Paralichthyidae,Citharichthys,s_
ASV_33583,Eukaryota,Chordata,Actinopteri,Argentiniformes,Bathylagidae,Leuroglossus,Leuroglossus schmidti
ASV_33593,Eukaryota,Chordata,Actinopteri,Argentiniformes,Bathylagidae,Lipolagus,s_
ASV_33606,Eukaryota,Chordata,Actinopteri,Clupeiformes,Engraulidae,g_,s_
ASV_33612,Eukaryota,Chordata,Actinopteri,Argentiniformes,Bathylagidae,Lipolagus,s_
ASV_33620,Eukaryota,Chordata,Actinopteri,Clupeiformes,Engraulidae,Engraulis,Engraulis mordax
