#OTUID	Kingdom	Phylum	Class	Order	Family	Genus	Species
ASV_2	Eukaryota	Chordata	Actinopteri	Gadiformes	Macrouridae	Coryphaenoides	unassigned
ASV_7	Eukaryota	Chordata	Actinopteri	Argentiniformes	Bathylagidae	Bathylagus	Bathylagus pacificus
ASV_8	Eukaryota	Chordata	Actinopteri	Myctophiformes	Myctophidae	Stenobrachius	Stenobrachius leucopsarus
ASV_10	Eukaryota	Chordata	Actinopteri	Argentiniformes	Bathylagidae	Leuroglossus	Leuroglossus schmidti
ASV_11	Eukaryota	Chordata	Actinopteri	Clupeiformes	Clupeidae	Sardinops	Sardinops melanostictus
ASV_13	Eukaryota	Chordata	Actinopteri	Myctophiformes	Myctophidae	Diaphus	Diaphus theta
ASV_15	Eukaryota	Chordata	Actinopteri	Perciformes	Sebastidae	unassigned	unassigned
ASV_16	Eukaryota	Chordata	Actinopteri	Clupeiformes	Clupeidae	Sardinops	Sardinops melanostictus
ASV_17	Eukaryota	Chordata	Actinopteri	Carangiformes	Carangidae	Seriola	Seriola lalandi
ASV_19	Eukaryota	Chordata	Actinopteri	Argentiniformes	Bathylagidae	Lipolagus	Lipolagus ochotensis
ASV_20	Eukaryota	Chordata	Actinopteri	Pleuronectiformes	Paralichthyidae	Citharichthys	Citharichthys sordidus
ASV_21	Eukaryota	Chordata	Actinopteri	Perciformes	Sebastidae	Sebastes	unassigned
ASV_23	Eukaryota	Chordata	Actinopteri	Clupeiformes	Clupeidae	Sardinops	Sardinops melanostictus
ASV_27	Eukaryota	Chordata	Actinopteri	Perciformes	Sebastidae	Sebastes	unassigned
ASV_28	Eukaryota	Chordata	Actinopteri	Myctophiformes	Myctophidae	Stenobrachius	Stenobrachius leucopsarus
ASV_30	Eukaryota	Chordata	Actinopteri	Carangiformes	Carangidae	Trachurus	Trachurus symmetricus
ASV_33	Eukaryota	Chordata	Actinopteri	Pleuronectiformes	Pleuronectidae	Microstomus	Microstomus pacificus
ASV_41	Eukaryota	Chordata	Actinopteri	Perciformes	Sebastidae	Sebastes	unassigned
ASV_43	Eukaryota	Chordata	Actinopteri	Perciformes	Sebastidae	Sebastes	unassigned
ASV_44	Eukaryota	Chordata	Actinopteri	Scombriformes	Scombridae	Thunnus	Thunnus alalunga
ASV_45	Eukaryota	Chordata	Actinopteri	Tetraodontiformes	Molidae	Mola	unassigned
ASV_47	Eukaryota	Chordata	Actinopteri	Perciformes	Hexagrammidae	Ophiodon	Ophiodon elongatus
ASV_50	Eukaryota	Chordata	Actinopteri	Beryciformes	Melamphaidae	Scopelogadus	s_
ASV_54	Eukaryota	Chordata	Actinopteri	Argentiniformes	Bathylagidae	Pseudobathylagus	Pseudobathylagus milleri
ASV_61	Eukaryota	Chordata	Actinopteri	Scombriformes	Centrolophidae	Icichthys	Icichthys lockingtoni
ASV_62	Eukaryota	Chordata	Actinopteri	unknown	Sciaenidae	Genyonemus	Genyonemus lineatus
ASV_68	Eukaryota	Chordata	Actinopteri	Scombriformes	Scombridae	Scomber	unassigned
ASV_70	Eukaryota	Chordata	Actinopteri	Lampriformes	Trachipteridae	Trachipterus	unassigned
ASV_74	Eukaryota	Chordata	Actinopteri	Pleuronectiformes	Paralichthyidae	Citharichthys	Citharichthys stigmaeus
ASV_78	Eukaryota	Chordata	Actinopteri	Pleuronectiformes	Paralichthyidae	Citharichthys	Citharichthys stigmaeus
ASV_85	Eukaryota	Chordata	Actinopteri	Perciformes	Sebastidae	Sebastes	unassigned
ASV_87	Eukaryota	Chordata	Actinopteri	Perciformes	Sebastidae	Sebastes	Sebastes paucispinis
ASV_97	Eukaryota	Chordata	Actinopteri	Perciformes	Sebastidae	Sebastes	unassigned
ASV_99	Eukaryota	Chordata	Actinopteri	Scombriformes	Stromateidae	Peprilus	Peprilus medius
ASV_117	Eukaryota	Chordata	Actinopteri	Myctophiformes	Myctophidae	Stenobrachius	Stenobrachius leucopsarus
ASV_123	Eukaryota	Chordata	Actinopteri	Salmoniformes	Salmonidae	Oncorhynchus	Oncorhynchus kisutch
ASV_125	Eukaryota	Chordata	Actinopteri	Stomiiformes	Gonostomatidae	Cyclothone	Cyclothone acclinidens
ASV_135	Eukaryota	Chordata	Actinopteri	Myctophiformes	Myctophidae	Stenobrachius	Stenobrachius leucopsarus
ASV_162	Eukaryota	Chordata	Actinopteri	Pleuronectiformes	Pleuronectidae	Lyopsetta	Lyopsetta exilis
ASV_163	Eukaryota	Chordata	Chondrichthyes	Chimaeriformes	Chimaeridae	Hydrolagus	Hydrolagus colliei
ASV_169	Eukaryota	Chordata	Actinopteri	Perciformes	Zoarcidae	Melanostigma	Melanostigma atlanticum
ASV_191	Eukaryota	Chordata	Actinopteri	Perciformes	Sebastidae	Sebastes	unassigned
ASV_195	Eukaryota	Chordata	Actinopteri	Salmoniformes	Salmonidae	Oncorhynchus	Oncorhynchus tshawytscha
ASV_207	Eukaryota	Chordata	Actinopteri	Pleuronectiformes	Paralichthyidae	Paralichthys	s_
ASV_210	Eukaryota	Chordata	Actinopteri	Gadiformes	Macrouridae	Malacocephalus	unassigned
ASV_223	Eukaryota	Chordata	Actinopteri	Argentiniformes	Argentinidae	g_	s_
ASV_232	Eukaryota	Chordata	Actinopteri	Beloniformes	Belonidae	Cololabis	Cololabis saira
ASV_245	Eukaryota	Chordata	Actinopteri	Myctophiformes	Myctophidae	Stenobrachius	Stenobrachius leucopsarus
ASV_246	Eukaryota	Chordata	Actinopteri	Clupeiformes	Clupeidae	Sardinops	Sardinops melanostictus
ASV_253	Eukaryota	Chordata	Actinopteri	Myctophiformes	Myctophidae	Stenobrachius	Stenobrachius leucopsarus
ASV_254	Eukaryota	Chordata	Actinopteri	Argentiniformes	Bathylagidae	Leuroglossus	Leuroglossus schmidti
ASV_270	Eukaryota	Chordata	Actinopteri	Argentiniformes	Bathylagidae	Leuroglossus	Leuroglossus schmidti
ASV_278	Eukaryota	Chordata	Actinopteri	Perciformes	Sebastidae	Sebastes	unassigned
ASV_283	Eukaryota	Chordata	Actinopteri	Perciformes	Sebastidae	Sebastes	unassigned
ASV_314	Eukaryota	Chordata	Actinopteri	Myctophiformes	Myctophidae	Stenobrachius	Stenobrachius leucopsarus
ASV_316	Eukaryota	Chordata	Chondrichthyes	Chimaeriformes	Chimaeridae	Hydrolagus	Hydrolagus colliei
ASV_356	Eukaryota	Chordata	Actinopteri	Myctophiformes	Myctophidae	Stenobrachius	Stenobrachius leucopsarus
ASV_370	Eukaryota	Chordata	Actinopteri	Myctophiformes	Myctophidae	Diaphus	Diaphus theta
ASV_407	Eukaryota	Chordata	Actinopteri	Argentiniformes	Argentinidae	g_	s_
ASV_426	Eukaryota	Chordata	Actinopteri	Stomiiformes	Stomiidae	Idiacanthus	Idiacanthus antrostomus
ASV_436	Eukaryota	Chordata	Actinopteri	Myctophiformes	Myctophidae	Stenobrachius	Stenobrachius leucopsarus
ASV_484	Eukaryota	Chordata	Actinopteri	Myctophiformes	Myctophidae	Tarletonbeania	Tarletonbeania crenularis
ASV_489	Eukaryota	Chordata	Actinopteri	Myctophiformes	Myctophidae	Lampanyctus	Lampanyctus tenuiformis
ASV_495	Eukaryota	Chordata	Actinopteri	Myctophiformes	Myctophidae	Stenobrachius	Stenobrachius leucopsarus
ASV_515	Eukaryota	Chordata	Actinopteri	Argentiniformes	Bathylagidae	Leuroglossus	Leuroglossus schmidti
ASV_540	Eukaryota	Chordata	Actinopteri	Argentiniformes	Bathylagidae	Leuroglossus	Leuroglossus schmidti
ASV_549	Eukaryota	Chordata	Actinopteri	Myctophiformes	Myctophidae	Stenobrachius	Stenobrachius leucopsarus
ASV_554	Eukaryota	Chordata	Actinopteri	Myctophiformes	Myctophidae	Nannobrachium	unassigned
ASV_579	Eukaryota	Chordata	Actinopteri	Myctophiformes	Myctophidae	Stenobrachius	Stenobrachius leucopsarus
ASV_599	Eukaryota	Chordata	Actinopteri	Alepocephaliformes	Platytroctidae	Sagamichthys	Sagamichthys abei
ASV_616	Eukaryota	Chordata	Actinopteri	Argentiniformes	Bathylagidae	Leuroglossus	Leuroglossus schmidti
ASV_618	Eukaryota	Chordata	Actinopteri	Pleuronectiformes	Paralichthyidae	Citharichthys	Citharichthys sordidus
ASV_636	Eukaryota	Chordata	Actinopteri	Argentiniformes	Bathylagidae	Leuroglossus	Leuroglossus schmidti
ASV_639	Eukaryota	Chordata	Actinopteri	Myctophiformes	Myctophidae	Nannobrachium	unassigned
ASV_644	Eukaryota	Chordata	Actinopteri	Myctophiformes	Myctophidae	Stenobrachius	Stenobrachius leucopsarus
ASV_645	Eukaryota	Chordata	Actinopteri	Argentiniformes	Bathylagidae	Leuroglossus	Leuroglossus schmidti
ASV_678	Eukaryota	Chordata	Actinopteri	Argentiniformes	Bathylagidae	Leuroglossus	Leuroglossus schmidti
ASV_689	Eukaryota	Chordata	Actinopteri	Perciformes	Sebastidae	Sebastes	unassigned
ASV_691	Eukaryota	Chordata	Actinopteri	Myctophiformes	Neoscopelidae	Scopelengys	Scopelengys tristis
ASV_714	Eukaryota	Chordata	Actinopteri	Anabantiformes	Channidae	g_	s_
ASV_717	Eukaryota	Chordata	Actinopteri	Myctophiformes	Myctophidae	Stenobrachius	Stenobrachius leucopsarus
ASV_741	Eukaryota	Chordata	Actinopteri	Perciformes	Sebastidae	Sebastes	unassigned
ASV_755	Eukaryota	Chordata	Actinopteri	Myctophiformes	Myctophidae	Stenobrachius	Stenobrachius leucopsarus
ASV_761	Eukaryota	Chordata	Actinopteri	Alepocephaliformes	Platytroctidae	Holtbyrnia	s_
ASV_764	Eukaryota	Chordata	Actinopteri	Argentiniformes	Bathylagidae	Lipolagus	Lipolagus ochotensis
ASV_782	Eukaryota	Chordata	Actinopteri	Myctophiformes	Myctophidae	Stenobrachius	Stenobrachius leucopsarus
ASV_785	Eukaryota	Chordata	Actinopteri	Argentiniformes	Bathylagidae	Pseudobathylagus	Pseudobathylagus milleri
ASV_802	Eukaryota	Chordata	Actinopteri	Argentiniformes	Bathylagidae	Lipolagus	Lipolagus ochotensis
ASV_825	Eukaryota	Chordata	Actinopteri	Myctophiformes	Myctophidae	Lampanyctus	Lampanyctus tenuiformis
ASV_850	Eukaryota	Chordata	Actinopteri	Argentiniformes	Bathylagidae	Leuroglossus	Leuroglossus schmidti
ASV_852	Eukaryota	Chordata	Actinopteri	Perciformes	Sebastidae	Sebastes	unassigned
ASV_864	Eukaryota	Chordata	Actinopteri	unknown	Moronidae	Morone	Morone saxatilis
ASV_894	Eukaryota	Chordata	Actinopteri	Pleuronectiformes	Paralichthyidae	Citharichthys	Citharichthys sordidus
ASV_912	Eukaryota	Chordata	Actinopteri	Myctophiformes	Myctophidae	Stenobrachius	Stenobrachius leucopsarus
ASV_925	Eukaryota	Chordata	Actinopteri	Myctophiformes	Myctophidae	Symbolophorus	Symbolophorus californiensis
ASV_931	Eukaryota	Chordata	Actinopteri	Pleuronectiformes	Paralichthyidae	Citharichthys	Citharichthys stigmaeus
ASV_985	Eukaryota	Chordata	Actinopteri	Lampriformes	Trachipteridae	Trachipterus	unassigned
ASV_992	Eukaryota	Chordata	Actinopteri	Myctophiformes	Myctophidae	Stenobrachius	Stenobrachius leucopsarus
ASV_997	Eukaryota	Chordata	Actinopteri	Alepocephaliformes	Platytroctidae	Sagamichthys	Sagamichthys abei
ASV_1002	Eukaryota	Chordata	Actinopteri	Myctophiformes	Myctophidae	Diaphus	Diaphus theta
ASV_1036	Eukaryota	Chordata	Actinopteri	Myctophiformes	Myctophidae	Protomyctophum	unassigned
ASV_1045	Eukaryota	Chordata	Actinopteri	Argentiniformes	Bathylagidae	Leuroglossus	Leuroglossus schmidti
ASV_1054	Eukaryota	Chordata	Actinopteri	Perciformes	Liparidae	Nectoliparis	Nectoliparis pelagicus
ASV_1066	Eukaryota	Chordata	Chondrichthyes	Chimaeriformes	Chimaeridae	Hydrolagus	Hydrolagus colliei
ASV_1073	Eukaryota	Chordata	Actinopteri	Pleuronectiformes	Pleuronectidae	Pleuronichthys	Pleuronichthys decurrens
ASV_1085	Eukaryota	Chordata	Actinopteri	Argentiniformes	Argentinidae	g_	s_
ASV_1101	Eukaryota	Chordata	Actinopteri	Perciformes	Sebastidae	Sebastes	unassigned
ASV_1121	Eukaryota	Chordata	Actinopteri	Perciformes	Sebastidae	Sebastes	unassigned
ASV_1162	Eukaryota	Chordata	Actinopteri	unknown	Sciaenidae	Genyonemus	Genyonemus lineatus
ASV_1182	Eukaryota	Chordata	Actinopteri	Myctophiformes	Myctophidae	Diaphus	Diaphus theta
ASV_1188	Eukaryota	Chordata	Actinopteri	Stomiiformes	Stomiidae	Chauliodus	Chauliodus macouni
ASV_1202	Eukaryota	Chordata	Actinopteri	Myctophiformes	Myctophidae	Diaphus	Diaphus theta
ASV_1212	Eukaryota	Chordata	Actinopteri	Perciformes	Sebastidae	Sebastes	unassigned
ASV_1245	Eukaryota	Chordata	Actinopteri	Perciformes	Sebastidae	Sebastes	unassigned
ASV_1254	Eukaryota	Chordata	Actinopteri	Pleuronectiformes	Paralichthyidae	Citharichthys	Citharichthys sordidus
ASV_1261	Eukaryota	Chordata	Actinopteri	Salmoniformes	Salmonidae	Oncorhynchus	unassigned
ASV_1271	Eukaryota	Chordata	Actinopteri	Carangiformes	Carangidae	Trachurus	Trachurus symmetricus
ASV_1272	Eukaryota	Chordata	Actinopteri	Myctophiformes	Myctophidae	Stenobrachius	Stenobrachius leucopsarus
ASV_1273	Eukaryota	Chordata	Actinopteri	Perciformes	Sebastidae	Sebastes	unassigned
ASV_1277	Eukaryota	Chordata	Actinopteri	Myctophiformes	Myctophidae	Stenobrachius	Stenobrachius leucopsarus
ASV_1298	Eukaryota	Chordata	Actinopteri	unknown	Sciaenidae	Genyonemus	Genyonemus lineatus
ASV_1336	Eukaryota	Chordata	Actinopteri	Myctophiformes	Myctophidae	Stenobrachius	Stenobrachius leucopsarus
ASV_1340	Eukaryota	Chordata	Actinopteri	Myctophiformes	Myctophidae	Stenobrachius	Stenobrachius leucopsarus
ASV_1362	Eukaryota	Chordata	Actinopteri	Myctophiformes	Myctophidae	Stenobrachius	Stenobrachius leucopsarus
ASV_1369	Eukaryota	Chordata	Actinopteri	Perciformes	Sebastidae	Sebastes	unassigned
ASV_1382	Eukaryota	Chordata	Actinopteri	Perciformes	Sebastidae	Sebastes	unassigned
ASV_1392	Eukaryota	Chordata	Actinopteri	Myctophiformes	Myctophidae	Tarletonbeania	Tarletonbeania crenularis
ASV_1463	Eukaryota	Chordata	Actinopteri	Argentiniformes	Bathylagidae	Leuroglossus	Leuroglossus schmidti
ASV_1469	Eukaryota	Chordata	Actinopteri	Perciformes	Sebastidae	Sebastes	unassigned
ASV_1475	Eukaryota	Chordata	Actinopteri	Pleuronectiformes	Paralichthyidae	Citharichthys	Citharichthys sordidus
ASV_1477	Eukaryota	Chordata	Actinopteri	Myctophiformes	Myctophidae	Diaphus	Diaphus theta
ASV_1481	Eukaryota	Chordata	Actinopteri	Argentiniformes	Bathylagidae	Leuroglossus	Leuroglossus schmidti
ASV_1500	Eukaryota	Chordata	Actinopteri	Myctophiformes	Myctophidae	Tarletonbeania	unassigned
ASV_1517	Eukaryota	Chordata	Chondrichthyes	Squaliformes	Squalidae	Squalus	unassigned
ASV_1524	Eukaryota	Chordata	Actinopteri	Myctophiformes	Myctophidae	Stenobrachius	Stenobrachius leucopsarus
ASV_1555	Eukaryota	Chordata	Actinopteri	Argentiniformes	Bathylagidae	Leuroglossus	Leuroglossus schmidti
ASV_1569	Eukaryota	Chordata	Actinopteri	unknown	Sciaenidae	Genyonemus	Genyonemus lineatus
ASV_1606	Eukaryota	Chordata	Actinopteri	Argentiniformes	Bathylagidae	Lipolagus	Lipolagus ochotensis
ASV_1628	Eukaryota	Chordata	Actinopteri	Argentiniformes	Bathylagidae	Leuroglossus	Leuroglossus schmidti
ASV_1704	Eukaryota	Chordata	Actinopteri	Perciformes	Sebastidae	Sebastes	unassigned
ASV_1716	Eukaryota	Chordata	Actinopteri	Scombriformes	Scombridae	Scomberomorus	unassigned
ASV_1718	Eukaryota	Chordata	Actinopteri	Myctophiformes	Myctophidae	Stenobrachius	Stenobrachius leucopsarus
ASV_1729	Eukaryota	Chordata	Actinopteri	Myctophiformes	Myctophidae	Stenobrachius	Stenobrachius leucopsarus
ASV_1779	Eukaryota	Chordata	Actinopteri	Pleuronectiformes	Pleuronectidae	Microstomus	Microstomus pacificus
ASV_1784	Eukaryota	Chordata	Actinopteri	Myctophiformes	Myctophidae	Stenobrachius	Stenobrachius leucopsarus
ASV_1789	Eukaryota	Chordata	Actinopteri	Perciformes	Sebastidae	Sebastes	unassigned
ASV_1791	Eukaryota	Chordata	Actinopteri	Argentiniformes	Argentinidae	g_	s_
ASV_1801	Eukaryota	Chordata	Actinopteri	Myctophiformes	Myctophidae	Diaphus	Diaphus theta
ASV_1816	Eukaryota	Chordata	Chondrichthyes	Chimaeriformes	Chimaeridae	Hydrolagus	Hydrolagus colliei
ASV_1841	Eukaryota	Chordata	Actinopteri	Perciformes	Sebastidae	Sebastes	unassigned
ASV_1843	Eukaryota	Chordata	Actinopteri	Myctophiformes	Myctophidae	Lampanyctus	Lampanyctus tenuiformis
ASV_1856	Eukaryota	Chordata	Actinopteri	Perciformes	Sebastidae	Sebastes	unassigned
ASV_1944	Eukaryota	Chordata	Actinopteri	Myctophiformes	Myctophidae	Diaphus	Diaphus theta
ASV_1952	Eukaryota	Chordata	Actinopteri	Argentiniformes	Bathylagidae	Leuroglossus	Leuroglossus schmidti
ASV_2066	Eukaryota	Chordata	Actinopteri	Myctophiformes	Myctophidae	Diaphus	Diaphus theta
ASV_2071	Eukaryota	Chordata	Actinopteri	Argentiniformes	Bathylagidae	Lipolagus	Lipolagus ochotensis
ASV_2134	Eukaryota	Chordata	Actinopteri	Myctophiformes	Myctophidae	Stenobrachius	Stenobrachius leucopsarus
ASV_2141	Eukaryota	Chordata	Actinopteri	Myctophiformes	Myctophidae	Stenobrachius	Stenobrachius leucopsarus
ASV_2146	Eukaryota	Chordata	Actinopteri	Pleuronectiformes	Paralichthyidae	Citharichthys	Citharichthys sordidus
ASV_2170	Eukaryota	Chordata	Chondrichthyes	Squaliformes	Squalidae	Squalus	unassigned
ASV_2237	Eukaryota	Chordata	Actinopteri	Argentiniformes	Bathylagidae	Leuroglossus	Leuroglossus schmidti
ASV_2243	Eukaryota	Chordata	Actinopteri	Myctophiformes	Myctophidae	Lampanyctus	Lampanyctus tenuiformis
ASV_2259	Eukaryota	Chordata	Actinopteri	Myctophiformes	Myctophidae	Stenobrachius	Stenobrachius leucopsarus
ASV_2339	Eukaryota	Chordata	Actinopteri	Myctophiformes	Myctophidae	Lampanyctus	Lampanyctus tenuiformis
ASV_2368	Eukaryota	Chordata	Actinopteri	Myctophiformes	Myctophidae	Tarletonbeania	Tarletonbeania crenularis
ASV_2383	Eukaryota	Chordata	Actinopteri	Myctophiformes	Myctophidae	Stenobrachius	Stenobrachius leucopsarus
ASV_2403	Eukaryota	Chordata	Chondrichthyes	Chimaeriformes	Chimaeridae	Hydrolagus	Hydrolagus colliei
ASV_2408	Eukaryota	Chordata	Actinopteri	Perciformes	Sebastidae	Sebastes	unassigned
ASV_2432	Eukaryota	Chordata	Actinopteri	Stomiiformes	Gonostomatidae	Cyclothone	Cyclothone signata
ASV_2490	Eukaryota	Chordata	Actinopteri	Perciformes	Sebastidae	Sebastes	unassigned
ASV_2492	Eukaryota	Chordata	Actinopteri	Myctophiformes	Myctophidae	Stenobrachius	Stenobrachius leucopsarus
ASV_2508	Eukaryota	Chordata	Actinopteri	Argentiniformes	Bathylagidae	Lipolagus	Lipolagus ochotensis
ASV_2608	Eukaryota	Chordata	Actinopteri	Argentiniformes	Bathylagidae	Leuroglossus	Leuroglossus schmidti
ASV_2745	Eukaryota	Chordata	Actinopteri	Perciformes	Sebastidae	Sebastes	unassigned
ASV_2794	Eukaryota	Chordata	Actinopteri	Argentiniformes	Bathylagidae	Leuroglossus	Leuroglossus schmidti
ASV_2802	Eukaryota	Chordata	Actinopteri	Myctophiformes	Myctophidae	Diaphus	Diaphus theta
ASV_2822	Eukaryota	Chordata	Actinopteri	Argentiniformes	Bathylagidae	Lipolagus	Lipolagus ochotensis
ASV_2846	Eukaryota	Chordata	Actinopteri	Argentiniformes	Bathylagidae	Lipolagus	Lipolagus ochotensis
ASV_2872	Eukaryota	Chordata	Actinopteri	Clupeiformes	Clupeidae	Sardinops	Sardinops melanostictus
ASV_2913	Eukaryota	Chordata	Actinopteri	Myctophiformes	Myctophidae	Stenobrachius	Stenobrachius leucopsarus
ASV_2946	Eukaryota	Chordata	Actinopteri	Myctophiformes	Myctophidae	Stenobrachius	Stenobrachius leucopsarus
ASV_2969	Eukaryota	Chordata	Actinopteri	Myctophiformes	Myctophidae	Lampanyctus	Lampanyctus tenuiformis
ASV_3052	Eukaryota	Chordata	Actinopteri	Myctophiformes	Myctophidae	Lampanyctus	Lampanyctus tenuiformis
ASV_3053	Eukaryota	Chordata	Actinopteri	Argentiniformes	Bathylagidae	Leuroglossus	Leuroglossus schmidti
ASV_3112	Eukaryota	Chordata	Actinopteri	Argentiniformes	Bathylagidae	Lipolagus	Lipolagus ochotensis
ASV_3137	Eukaryota	Chordata	Chondrichthyes	Carcharhiniformes	Scyliorhinidae	Apristurus	Apristurus brunneus
ASV_3230	Eukaryota	Chordata	Actinopteri	Myctophiformes	Myctophidae	Diaphus	Diaphus theta
ASV_3268	Eukaryota	Chordata	Chondrichthyes	Squaliformes	Squalidae	Squalus	unassigned
ASV_3300	Eukaryota	Chordata	Actinopteri	Perciformes	Sebastidae	Sebastes	unassigned
ASV_3310	Eukaryota	Chordata	Actinopteri	Myctophiformes	Myctophidae	Stenobrachius	Stenobrachius leucopsarus
ASV_3428	Eukaryota	Chordata	Actinopteri	Myctophiformes	Myctophidae	Triphoturus	Triphoturus mexicanus
ASV_3524	Eukaryota	Chordata	Actinopteri	Scombriformes	Scombridae	Scomber	unassigned
ASV_3692	Eukaryota	Chordata	Actinopteri	Perciformes	Sebastidae	Sebastes	unassigned
ASV_3747	Eukaryota	Chordata	Chondrichthyes	Chimaeriformes	Chimaeridae	Hydrolagus	Hydrolagus colliei
ASV_3803	Eukaryota	Chordata	Actinopteri	Carangiformes	Carangidae	Trachurus	Trachurus symmetricus
ASV_3815	Eukaryota	Chordata	Chondrichthyes	Chimaeriformes	Chimaeridae	Hydrolagus	Hydrolagus colliei
ASV_3927	Eukaryota	Chordata	Actinopteri	Argentiniformes	Bathylagidae	Leuroglossus	Leuroglossus schmidti
ASV_3956	Eukaryota	Chordata	Actinopteri	Myctophiformes	Myctophidae	Lampanyctus	Lampanyctus tenuiformis
ASV_4045	Eukaryota	Chordata	Actinopteri	Perciformes	Sebastidae	Sebastes	unassigned
ASV_4142	Eukaryota	Chordata	Actinopteri	Argentiniformes	Bathylagidae	Lipolagus	Lipolagus ochotensis
ASV_4394	Eukaryota	Chordata	Actinopteri	Perciformes	Sebastidae	Sebastes	Sebastes paucispinis
ASV_4607	Eukaryota	Chordata	Actinopteri	Aulopiformes	Paralepididae	g_	s_
ASV_4614	Eukaryota	Chordata	Actinopteri	Beryciformes	Melamphaidae	Scopelogadus	s_
ASV_4723	Eukaryota	Chordata	Actinopteri	Myctophiformes	Myctophidae	Stenobrachius	Stenobrachius leucopsarus
ASV_4808	Eukaryota	Chordata	Actinopteri	Argentiniformes	Bathylagidae	Leuroglossus	Leuroglossus schmidti
ASV_4899	Eukaryota	Chordata	Actinopteri	Myctophiformes	Myctophidae	Stenobrachius	Stenobrachius leucopsarus
ASV_4952	Eukaryota	Chordata	Actinopteri	Alepocephaliformes	Platytroctidae	Sagamichthys	Sagamichthys abei
ASV_4964	Eukaryota	Chordata	Actinopteri	Scombriformes	Scombridae	Scomber	unassigned
ASV_4995	Eukaryota	Chordata	Actinopteri	Perciformes	Sebastidae	Sebastes	unassigned
ASV_5008	Eukaryota	Chordata	Actinopteri	Perciformes	Sebastidae	Sebastes	unassigned
ASV_5097	Eukaryota	Chordata	Chondrichthyes	Chimaeriformes	Chimaeridae	Hydrolagus	Hydrolagus colliei
ASV_5122	Eukaryota	Chordata	Actinopteri	Perciformes	Sebastidae	Sebastes	unassigned
ASV_5310	Eukaryota	Chordata	Actinopteri	Myctophiformes	Myctophidae	Protomyctophum	unassigned
ASV_5354	Eukaryota	Chordata	Actinopteri	Carangiformes	Carangidae	Trachurus	Trachurus symmetricus
ASV_5413	Eukaryota	Chordata	Chondrichthyes	Lamniformes	Alopiidae	Alopias	Alopias vulpinus
ASV_5527	Eukaryota	Chordata	Actinopteri	Perciformes	Sebastidae	Sebastes	unassigned
ASV_5553	Eukaryota	Chordata	Actinopteri	Perciformes	Zoarcidae	Lycodes	Lycodes cortezianus
ASV_5628	Eukaryota	Chordata	Actinopteri	Stomiiformes	Gonostomatidae	Cyclothone	Cyclothone signata
ASV_5752	Eukaryota	Chordata	Actinopteri	Perciformes	Sebastidae	Sebastes	unassigned
ASV_5832	Eukaryota	Chordata	Actinopteri	Myctophiformes	Myctophidae	Stenobrachius	Stenobrachius leucopsarus
ASV_5855	Eukaryota	Chordata	Actinopteri	Myctophiformes	Myctophidae	Lampanyctus	Lampanyctus tenuiformis
ASV_6056	Eukaryota	Chordata	Actinopteri	Argentiniformes	Bathylagidae	Lipolagus	Lipolagus ochotensis
ASV_6075	Eukaryota	Chordata	Actinopteri	Pleuronectiformes	Pleuronectidae	Microstomus	Microstomus pacificus
ASV_6191	Eukaryota	Chordata	Actinopteri	Scombriformes	Centrolophidae	Icichthys	Icichthys lockingtoni
ASV_6239	Eukaryota	Chordata	Actinopteri	Myctophiformes	Myctophidae	g_	s_
ASV_6314	Eukaryota	Chordata	Chondrichthyes	Squaliformes	Squalidae	Squalus	unassigned
ASV_6402	Eukaryota	Chordata	Actinopteri	Argentiniformes	Bathylagidae	Leuroglossus	Leuroglossus schmidti
ASV_6636	Eukaryota	Chordata	Actinopteri	Perciformes	Sebastidae	Sebastes	unassigned
ASV_6714	Eukaryota	Chordata	Actinopteri	Myctophiformes	Myctophidae	Triphoturus	s_
ASV_6719	Eukaryota	Chordata	Actinopteri	unknown	Sciaenidae	Genyonemus	Genyonemus lineatus
ASV_7035	Eukaryota	Chordata	Actinopteri	Beloniformes	Belonidae	Cololabis	Cololabis saira
ASV_7046	Eukaryota	Chordata	Actinopteri	Myctophiformes	Myctophidae	Lampanyctus	Lampanyctus tenuiformis
ASV_7081	Eukaryota	Chordata	Actinopteri	Argentiniformes	Bathylagidae	Bathylagus	Bathylagus pacificus
ASV_7136	Eukaryota	Chordata	Actinopteri	Perciformes	Sebastidae	Sebastes	s_
ASV_7241	Eukaryota	Chordata	Actinopteri	Pleuronectiformes	Paralichthyidae	Citharichthys	Citharichthys sordidus
ASV_7288	Eukaryota	Chordata	Actinopteri	Myctophiformes	Myctophidae	Stenobrachius	Stenobrachius leucopsarus
ASV_7322	Eukaryota	Chordata	Actinopteri	Argentiniformes	Bathylagidae	Leuroglossus	Leuroglossus schmidti
ASV_7692	Eukaryota	Chordata	Actinopteri	Argentiniformes	Bathylagidae	Leuroglossus	Leuroglossus schmidti
ASV_7872	Eukaryota	Chordata	Actinopteri	Myctophiformes	Myctophidae	g_	s_
ASV_8107	Eukaryota	Chordata	Actinopteri	Myctophiformes	Myctophidae	Stenobrachius	Stenobrachius leucopsarus
ASV_8238	Eukaryota	Chordata	Actinopteri	Myctophiformes	Myctophidae	g_	s_
ASV_8285	Eukaryota	Chordata	Actinopteri	Myctophiformes	Myctophidae	Diaphus	Diaphus theta
ASV_8591	Eukaryota	Chordata	Actinopteri	Pleuronectiformes	Paralichthyidae	Citharichthys	Citharichthys sordidus
ASV_8854	Eukaryota	Chordata	Actinopteri	Myctophiformes	Myctophidae	Stenobrachius	Stenobrachius leucopsarus
ASV_9109	Eukaryota	Chordata	Actinopteri	Argentiniformes	Bathylagidae	Leuroglossus	Leuroglossus schmidti
ASV_9335	Eukaryota	Chordata	Actinopteri	Perciformes	Sebastidae	Sebastes	unassigned
ASV_9948	Eukaryota	Chordata	Actinopteri	Aulopiformes	Paralepididae	Arctozenus	Arctozenus risso
ASV_10592	Eukaryota	Chordata	Actinopteri	Myctophiformes	Myctophidae	Stenobrachius	s_
ASV_10595	Eukaryota	Chordata	Actinopteri	unassigned	unassigned	g_	s_
ASV_11381	Eukaryota	Chordata	Actinopteri	Myctophiformes	Myctophidae	Lampanyctus	Lampanyctus tenuiformis
ASV_12953	Eukaryota	Chordata	Actinopteri	Perciformes	Sebastidae	Sebastes	unassigned
ASV_13318	Eukaryota	Chordata	Actinopteri	Myctophiformes	Myctophidae	Lampanyctus	Lampanyctus tenuiformis
ASV_13321	Eukaryota	Chordata	Actinopteri	Perciformes	Sebastidae	Sebastes	unassigned
ASV_13643	Eukaryota	Chordata	Actinopteri	Argentiniformes	Bathylagidae	Leuroglossus	s_
ASV_15800	Eukaryota	Chordata	Myxini	Myxiniformes	Myxinidae	Eptatretus	unassigned
ASV_17071	Eukaryota	Chordata	Actinopteri	Argentiniformes	Bathylagidae	Lipolagus	Lipolagus ochotensis
ASV_19950	Eukaryota	Chordata	Actinopteri	Pleuronectiformes	Paralichthyidae	Citharichthys	Citharichthys sordidus
ASV_22703	Eukaryota	Chordata	Actinopteri	Perciformes	Sebastidae	Sebastes	unassigned
ASV_33581	Eukaryota	Chordata	Actinopteri	Pleuronectiformes	Paralichthyidae	Citharichthys	s_
ASV_33583	Eukaryota	Chordata	Actinopteri	Argentiniformes	Bathylagidae	Leuroglossus	Leuroglossus schmidti
ASV_33593	Eukaryota	Chordata	Actinopteri	Argentiniformes	Bathylagidae	Lipolagus	s_
ASV_33612	Eukaryota	Chordata	Actinopteri	Argentiniformes	Bathylagidae	Lipolagus	s_
