"","SampleID","PC1","PC2","PC3","FilterID","target_gene","PlateID","library","local_time","time_label","SAMPLING_cruise","depth","SAMPLING_platform","SC","ESP","SAMPLING_station_number","SAMPLING_station","SAMPLING_bottle","decimalLongitude","decimalLatitude","sample_type","Plates","Markers","Status","Dewar_name","Sampling_method","replicate","SAMPLING_rdepth","project_name","nitrate","fluor","density","pressure","minimumDepthInMeters","maximumDepthInMeters","start_GMT","end_GMT","temp","salinity","sigmat","spice","diss_oxygen","PAR (umol/s/m2)","altitude","chlorophyll","bbp470 (count)","bbp650 (count)","SAMPLING_project","ESP_name","diel","month","day","hour","eventDate","time","time_since","year","jday","month_char","year_char","depth_bin"
"1","CN19Sc29_12_eDNA_RR",-0.0327525549487855,0.0533417976888548,-0.0547047426365016,"CN19Sc29_12_eDNA",12,"RR","RR1","6/3/19 12:04","06-03 day","CN19S",0,"WESTERN FLYER",NA,"CTD",29,"MARS",12,-122.1982,36.7115,"environmental","SS,RR,PP","18S,12S,COI","Filters (racks A-D),Tube Extracts (racks E-G)",NA,"CTD",NA,2.282,"CANON",0.113,0.0643,24.0608,2.299,NA,NA,NA,NA,14.1974,32.3001,NA,NA,NA,NA,NA,1.1079,NA,NA,NA,NA,"day",6,3,12,2019-06-03 19:04:00,2019-06-03 12:04:00,1559563440,2019,154,"6","2019","0-50m"
"2","CN19Sc29_9_eDNA_RR",-0.0111160115750393,0.0497734631578205,0.157916148337748,"CN19Sc29_09_eDNA",12,"RR","RR4","6/3/19 12:04","06-03 day","CN19S",110,"WESTERN FLYER",NA,"CTD",29,"MARS",9,-122.1982,36.7115,"environmental","SS,RR,PP","18S,12S,COI","Tube Extracts (racks E-G),Filters (racks A-D)",NA,"CTD",NA,110.532,"CANON",25.319,0.0354,26.2664,111.383,NA,NA,NA,NA,9.14,33.9384,NA,NA,NA,NA,NA,0.3852,NA,NA,NA,NA,"day",6,3,12,2019-06-03 19:04:00,2019-06-03 12:04:00,1559563440,2019,154,"6","2019","100-200m"
"3","CN19Sc29_8_eDNA_RR",-0.0921286446120971,0.0162947950393872,0.00384522196163828,"CN19Sc29_08_eDNA",12,"RR","RR5","6/3/19 12:04","06-03 day","CN19S",165,"WESTERN FLYER",NA,"CTD",29,"MARS",8,-122.1982,36.7115,"environmental","SS,RR,PP","18S,12S,COI","Tube Extracts (racks E-G),Filters (racks A-D)",NA,"CTD",NA,165.27,"CANON",27.642,0.0354,26.4198,166.564,NA,NA,NA,NA,8.5266,34.0104,NA,NA,NA,NA,NA,0.3852,NA,NA,NA,NA,"day",6,3,12,2019-06-03 19:04:00,2019-06-03 12:04:00,1559563440,2019,154,"6","2019","100-200m"
"4","CN19Sc29_5_eDNA_RR",-0.0490584850477476,0.0396399303515806,0.158792315748987,"CN19Sc29_05_eDNA",12,"RR","RR8","6/3/19 12:04","06-03 day","CN19S",300,"WESTERN FLYER",NA,"CTD",29,"MARS",5,-122.1982,36.7115,"environmental","SS,RR,PP","18S,12S,COI","Filters (racks A-D),Tube Extracts (racks E-G)",NA,"CTD",NA,299.558,"CANON",34.071,0.035,26.7137,302.003,NA,NA,NA,NA,7.2047,34.1359,NA,NA,NA,NA,NA,0.3746,NA,NA,NA,NA,"day",6,3,12,2019-06-03 19:04:00,2019-06-03 12:04:00,1559563440,2019,154,"6","2019","200-300m"
"5","CN19Sc29_4_eDNA_RR",0.0913038313977402,-0.0230605493124884,-0.0300394556458975,"CN19Sc29_04_eDNA",12,"RR","RR9","6/3/19 12:04","06-03 day","CN19S",400,"WESTERN FLYER",NA,"CTD",29,"MARS",4,-122.1982,36.7115,"environmental","SS,RR,PP","18S,12S,COI","Filters (racks A-D),Tube Extracts (racks E-G)",NA,"CTD",NA,399.462,"CANON",36.655,0.0362,26.8472,402.819,NA,NA,NA,NA,6.4632,34.1768,NA,NA,NA,NA,NA,0.4064,NA,NA,NA,NA,"day",6,3,12,2019-06-03 19:04:00,2019-06-03 12:04:00,1559563440,2019,154,"6","2019","300-400m"
"6","CN19Sc29_3_eDNA_RR",-0.0662066463077043,0.0590704625207669,-0.0264750404389461,"CN19Sc29_03_eDNA",12,"RR","RR10","6/3/19 12:04","06-03 day","CN19S",500,"WESTERN FLYER",NA,"CTD",29,"MARS",3,-122.1982,36.7115,"environmental","SS,RR,PP","18S,12S,COI","Tube Extracts (racks E-G),Filters (racks A-D)",NA,"CTD",NA,500.001,"CANON",39.478,0.0366,26.9586,504.326,NA,NA,NA,NA,5.9391,34.2316,NA,NA,NA,NA,NA,0.4158,NA,NA,NA,NA,"day",6,3,12,2019-06-03 19:04:00,2019-06-03 12:04:00,1559563440,2019,154,"6","2019","400-500m"
"7","CN19Sc31_12_eDNA_RR",-0.122241323372737,0.00931859094188965,-0.0401891555658607,"CN19Sc31_12_eDNA",12,"RR","RR14","6/3/19 18:05","06-03 transition","CN19S",0,"WESTERN FLYER",NA,"CTD",31,"MARS",12,-122.1982,36.712,"environmental","SS,RR,PP","18S,12S,COI","Tube Extracts (racks E-G),Filters (racks A-D)",NA,"CTD",NA,2.194,"CANON",0.241,0.0726,23.9503,2.21,NA,NA,NA,NA,14.3193,32.1897,NA,NA,NA,NA,NA,1.3153,NA,NA,NA,NA,"transition",6,3,18,2019-06-04 01:05:00,2019-06-03 18:05:00,1559585100,2019,154,"6","2019","0-50m"
"8","CN19Sc31_11_eDNA_RR",-0.0532174988305351,0.00141935714500695,0.115902571889543,"CN19Sc31_11_eDNA",12,"RR","RR15","6/3/19 18:05","06-03 transition","CN19S",40,"WESTERN FLYER",NA,"CTD",31,"MARS",11,-122.1982,36.712,"environmental","SS,RR,PP","18S,12S,COI","Tube Extracts (racks E-G),Filters (racks A-D)",NA,"CTD",NA,39.863,"CANON",17.472,0.0449,25.7375,40.162,NA,NA,NA,NA,10.48,33.5485,NA,NA,NA,NA,NA,0.6226,NA,NA,NA,NA,"transition",6,3,18,2019-06-04 01:05:00,2019-06-03 18:05:00,1559585100,2019,154,"6","2019","0-50m"
"9","CN19Sc31_10_eDNA_RR",-0.0923828539063445,-0.142249443045105,-0.0422832076989778,"CN19Sc31_10_eDNA",12,"RR","RR16","6/3/19 18:05","06-03 transition","CN19S",80,"WESTERN FLYER",NA,"CTD",31,"MARS",10,-122.1982,36.712,"environmental","SS,RR,PP","18S,12S,COI","Tube Extracts (racks E-G),Filters (racks A-D)",NA,"CTD",NA,80.115,"CANON",23.778,0.0371,26.0761,80.726,NA,NA,NA,NA,9.6132,33.7938,NA,NA,NA,NA,NA,0.4282,NA,NA,NA,NA,"transition",6,3,18,2019-06-04 01:05:00,2019-06-03 18:05:00,1559585100,2019,154,"6","2019","50-100m"
"10","CN19Sc31_7_eDNA_RR",0.0254313982343263,0.0121740949434641,0.109698531797819,"CN19Sc31_07_eDNA",12,"RR","RR19","6/3/19 18:05","06-03 transition","CN19S",200,"WESTERN FLYER",NA,"CTD",31,"MARS",7,-122.1982,36.712,"environmental","SS,RR,PP","18S,12S,COI","Filters (racks A-D),Tube Extracts (racks E-G)",NA,"CTD",NA,199.856,"CANON",28.373,0.0354,26.5156,201.438,NA,NA,NA,NA,8.0527,34.0407,NA,NA,NA,NA,NA,0.3852,NA,NA,NA,NA,"transition",6,3,18,2019-06-04 01:05:00,2019-06-03 18:05:00,1559585100,2019,154,"6","2019","100-200m"
"11","CN19Sc31_6_eDNA_RR",0.0259954895925879,0.0866767370405333,0.0935160954460958,"CN19Sc31_06_eDNA",12,"RR","RR20","6/3/19 18:05","06-03 transition","CN19S",245,"WESTERN FLYER",NA,"CTD",31,"MARS",6,-122.1982,36.712,"environmental","SS,RR,PP","18S,12S,COI","Tube Extracts (racks E-G),Filters (racks A-D)",NA,"CTD",NA,245.303,"CANON",29.818,0.0337,26.5798,247.272,NA,NA,NA,NA,7.8311,34.0801,NA,NA,NA,NA,NA,0.341,NA,NA,NA,NA,"transition",6,3,18,2019-06-04 01:05:00,2019-06-03 18:05:00,1559585100,2019,154,"6","2019","200-300m"
"12","CN19Sc31_5_eDNA_RR",0.0146423568812173,0.0228089703528514,0.163571328789596,"CN19Sc31_05_eDNA",12,"RR","RR21","6/3/19 18:05","06-03 transition","CN19S",300,"WESTERN FLYER",NA,"CTD",31,"MARS",5,-122.1982,36.712,"environmental","SS,RR,PP","18S,12S,COI","Tube Extracts (racks E-G),Filters (racks A-D)",NA,"CTD",NA,299.466,"CANON",32.8,0.0343,26.6621,301.91,NA,NA,NA,NA,7.4932,34.1218,NA,NA,NA,NA,NA,0.3572,NA,NA,NA,NA,"transition",6,3,18,2019-06-04 01:05:00,2019-06-03 18:05:00,1559585100,2019,154,"6","2019","200-300m"
"13","CN19Sc31_4_eDNA_RR",-0.0822928299070549,-0.0968232051671122,-0.0372993959917992,"CN19Sc31_04_eDNA",12,"RR","RR22","6/3/19 18:05","06-03 transition","CN19S",400,"WESTERN FLYER",NA,"CTD",31,"MARS",4,-122.1982,36.712,"environmental","SS,RR,PP","18S,12S,COI","Tube Extracts (racks E-G),Filters (racks A-D)",NA,"CTD",NA,399.15,"CANON",32.934,0.0392,26.8257,402.505,NA,NA,NA,NA,6.5661,34.1667,NA,NA,NA,NA,NA,0.4793,NA,NA,NA,NA,"transition",6,3,18,2019-06-04 01:05:00,2019-06-03 18:05:00,1559585100,2019,154,"6","2019","300-400m"
"14","CN19Sc31_3_eDNA_RR",0.0945948744095109,0.0427404816764781,-0.137104529056898,"CN19Sc31_03_eDNA",12,"RR","RR23","6/3/19 18:05","06-03 transition","CN19S",500,"WESTERN FLYER",NA,"CTD",31,"MARS",3,-122.1982,36.712,"environmental","SS,RR,PP","18S,12S,COI","Filters (racks A-D),Tube Extracts (racks E-G)",NA,"CTD",NA,500.186,"CANON",38.275,0.0374,26.9637,504.513,NA,NA,NA,NA,5.9246,34.2357,NA,NA,NA,NA,NA,0.4357,NA,NA,NA,NA,"transition",6,3,18,2019-06-04 01:05:00,2019-06-03 18:05:00,1559585100,2019,154,"6","2019","400-500m"
"15","CN19Sc34_12_eDNA_RR",-0.098366361767698,0.0667502879489814,-0.0740436541912639,"CN19Sc34_12_eDNA",12,"RR","RR26","6/4/19 0:07","06-04 night","CN19S",0,"WESTERN FLYER",NA,"CTD",34,"MARS",12,-122.1988,36.7125,"environmental","SS,RR,PP","18S,12S,COI","Tube Extracts (racks E-G),Filters (racks A-D)",NA,"CTD",NA,3.353,"CANON",0.098,0.0844,24.2764,3.377,NA,NA,NA,NA,13.6788,32.4416,NA,NA,NA,NA,NA,1.6093,NA,NA,NA,NA,"night",6,4,0,2019-06-04 07:07:00,2019-06-04 00:07:00,1559606820,2019,155,"6","2019","0-50m"
"16","CN19Sc34_9_eDNA_RR",-0.141793761456494,0.0332985333998915,-0.0719923897754569,"CN19Sc34_09_eDNA",12,"RR","RR28","6/4/19 0:07","06-04 night","CN19S",100,"WESTERN FLYER",NA,"CTD",34,"MARS",9,-122.1988,36.7125,"environmental","SS,RR,PP","18S,12S,COI","Filters (racks A-D),Tube Extracts (racks E-G)",NA,"CTD",NA,101.026,"CANON",24.879,0.0354,26.2082,101.802,NA,NA,NA,NA,9.2853,33.894,NA,NA,NA,NA,NA,0.3846,NA,NA,NA,NA,"night",6,4,0,2019-06-04 07:07:00,2019-06-04 00:07:00,1559606820,2019,155,"6","2019","50-100m"
"17","CN19Sc34_8_eDNA_RR",0.0159480015043491,0.0509255670190147,0.147592790804413,"CN19Sc34_08_eDNA",12,"RR","RR29","6/4/19 0:07","06-04 night","CN19S",125,"WESTERN FLYER",NA,"CTD",34,"MARS",8,-122.1988,36.7125,"environmental","SS,RR,PP","18S,12S,COI","Filters (racks A-D),Tube Extracts (racks E-G)",NA,"CTD",NA,123.278,"CANON",27.585,0.0354,26.3016,124.23,NA,NA,NA,NA,9.0022,33.955,NA,NA,NA,NA,NA,0.3852,NA,NA,NA,NA,"night",6,4,0,2019-06-04 07:07:00,2019-06-04 00:07:00,1559606820,2019,155,"6","2019","100-200m"
"18","CN19Sc34_4_eDNA_RR",-0.0828592739230111,0.0650585839716354,0.00479561290779855,"CN19Sc34_04_eDNA",12,"RR","RR33","6/4/19 0:07","06-04 night","CN19S",400,"WESTERN FLYER",NA,"CTD",34,"MARS",4,-122.1988,36.7125,"environmental","SS,RR,PP","18S,12S,COI","Filters (racks A-D),Tube Extracts (racks E-G)",NA,"CTD",NA,399.492,"CANON",38.189,0.0365,26.8261,402.85,NA,NA,NA,NA,6.5574,34.1657,NA,NA,NA,NA,NA,0.4121,NA,NA,NA,NA,"night",6,4,0,2019-06-04 07:07:00,2019-06-04 00:07:00,1559606820,2019,155,"6","2019","300-400m"
"19","CN19Sc36_11_eDNA_RR",-0.0375309987897021,-0.13978989143221,0.155868557154761,"CN19Sc36_11_eDNA",12,"RR","RR37","6/4/19 6:04","06-04 transition","CN19S",35,"WESTERN FLYER",NA,"CTD",36,"MARS",11,-122.1982,36.712,"environmental","SS,RR,PP","18S,12S,COI","Tube Extracts (racks E-G),Filters (racks A-D)",NA,"CTD",NA,35.238,"CANON",16.253,0.0431,25.585,35.502,NA,NA,NA,NA,10.8735,33.4413,NA,NA,NA,NA,NA,0.5771,NA,NA,NA,NA,"transition",6,4,6,2019-06-04 13:04:00,2019-06-04 06:04:00,1559628240,2019,155,"6","2019","0-50m"
"20","CN19Sc36_8_eDNA_RR",-0.099598881510478,0.00686724686193382,-0.0708546654765083,"CN19Sc36_08_eDNA",12,"RR","RR39","6/4/19 6:04","06-04 transition","CN19S",125,"WESTERN FLYER",NA,"CTD",36,"MARS",8,-122.1982,36.712,"environmental","SS,RR,PP","18S,12S,COI","Tube Extracts (racks E-G),Filters (racks A-D)",NA,"CTD",NA,125.929,"CANON",27.092,0.0358,26.3466,126.903,NA,NA,NA,NA,8.7886,33.9695,NA,NA,NA,NA,NA,0.3964,NA,NA,NA,NA,"transition",6,4,6,2019-06-04 13:04:00,2019-06-04 06:04:00,1559628240,2019,155,"6","2019","100-200m"
"21","CN19Sc36_7_eDNA_RR",0.0635275399220292,0.0234255342087534,-0.0455993258786392,"CN19Sc36_07_eDNA",12,"RR","RR40","6/4/19 6:04","06-04 transition","CN19S",200,"WESTERN FLYER",NA,"CTD",36,"MARS",7,-122.1982,36.712,"environmental","SS,RR,PP","18S,12S,COI","Tube Extracts (racks E-G),Filters (racks A-D)",NA,"CTD",NA,200.303,"CANON",31.821,0.0357,26.5309,201.888,NA,NA,NA,NA,8.0787,34.0651,NA,NA,NA,NA,NA,0.3939,NA,NA,NA,NA,"transition",6,4,6,2019-06-04 13:04:00,2019-06-04 06:04:00,1559628240,2019,155,"6","2019","100-200m"
"22","CN19Sc36_6_eDNA_RR",0.0837132419724209,-0.0807792061567863,-0.0430054200873436,"CN19Sc36_06_eDNA",12,"RR","RR41","6/4/19 6:04","06-04 transition","CN19S",250,"WESTERN FLYER",NA,"CTD",36,"MARS",6,-122.1982,36.712,"environmental","SS,RR,PP","18S,12S,COI","Filters (racks A-D),Tube Extracts (racks E-G)",NA,"CTD",NA,250.251,"CANON",32.584,0.0336,26.6221,252.263,NA,NA,NA,NA,7.6641,34.1029,NA,NA,NA,NA,NA,0.3404,NA,NA,NA,NA,"transition",6,4,6,2019-06-04 13:04:00,2019-06-04 06:04:00,1559628240,2019,155,"6","2019","200-300m"
"23","CN19Sc36_4_eDNA_RR",-0.0216823774489084,0.0775315032198272,-0.105330072918618,"CN19Sc36_04_eDNA",12,"RR","RR42","6/4/19 6:04","06-04 transition","CN19S",400,"WESTERN FLYER",NA,"CTD",36,"MARS",4,-122.1982,36.712,"environmental","SS,RR,PP","18S,12S,COI","Filters (racks A-D),Tube Extracts (racks E-G)",NA,"CTD",NA,400.366,"CANON",31.634,0.0367,26.8246,403.733,NA,NA,NA,NA,6.5921,34.1696,NA,NA,NA,NA,NA,0.4183,NA,NA,NA,NA,"transition",6,4,6,2019-06-04 13:04:00,2019-06-04 06:04:00,1559628240,2019,155,"6","2019","300-400m"
"24","CN19Sc38_12_eDNA_RR",-0.0851558354578016,-0.0130751297524148,-0.0575976518232271,"CN19Sc38_12_eDNA",12,"RR","RR45","6/4/19 12:05","06-04 day","CN19S",0,"WESTERN FLYER",NA,"CTD",38,"MARS",12,-122.198,36.712,"environmental","SS,RR,PP","18S,12S,COI","Tube Extracts (racks E-G),Filters (racks A-D)",NA,"CTD",NA,3.356,"CANON",0.384,0.0826,24.6085,3.381,NA,NA,NA,NA,13.2439,32.7583,NA,NA,NA,NA,NA,1.5657,NA,NA,NA,NA,"day",6,4,12,2019-06-04 19:05:00,2019-06-04 12:05:00,1559649900,2019,155,"6","2019","0-50m"
"25","CN19Sc38_11_eDNA_RR",-0.110050013306797,-0.130399290183539,0.0563071421132642,"CN19Sc38_11_eDNA",12,"RR","RR46","6/4/19 12:05","06-04 day","CN19S",50,"WESTERN FLYER",NA,"CTD",38,"MARS",11,-122.198,36.712,"environmental","SS,RR,PP","18S,12S,COI","Filters (racks A-D),Tube Extracts (racks E-G)",NA,"CTD",NA,49.876,"CANON",22.123,0.0372,25.9617,50.253,NA,NA,NA,NA,9.8764,33.704,NA,NA,NA,NA,NA,0.4301,NA,NA,NA,NA,"day",6,4,12,2019-06-04 19:05:00,2019-06-04 12:05:00,1559649900,2019,155,"6","2019","0-50m"
"26","CN19Sc38_10_eDNA_RR",-0.0785637439681182,0.0608127324538507,-0.0923980890630877,"CN19Sc38_10_eDNA",12,"RR","RR47","6/4/19 12:05","06-04 day","CN19S",75,"WESTERN FLYER",NA,"CTD",38,"MARS",10,-122.198,36.712,"environmental","SS,RR,PP","18S,12S,COI","Tube Extracts (racks E-G),Filters (racks A-D)",NA,"CTD",NA,75.282,"CANON",24.62,0.0366,26.1265,75.855,NA,NA,NA,NA,9.4603,33.8265,NA,NA,NA,NA,NA,0.4158,NA,NA,NA,NA,"day",6,4,12,2019-06-04 19:05:00,2019-06-04 12:05:00,1559649900,2019,155,"6","2019","50-100m"
"27","CN19Sc38_8_eDNA_RR",-0.0899231150868011,-0.126823343686367,0.0251986413393936,"CN19Sc38_08_eDNA",12,"RR","RR49","6/4/19 12:05","06-04 day","CN19S",130,"WESTERN FLYER",NA,"CTD",38,"MARS",8,-122.198,36.712,"environmental","SS,RR,PP","18S,12S,COI","Tube Extracts (racks E-G),Filters (racks A-D)",NA,"CTD",NA,130.041,"CANON",27.418,0.0369,26.3244,131.048,NA,NA,NA,NA,8.8753,33.9585,NA,NA,NA,NA,NA,0.4226,NA,NA,NA,NA,"day",6,4,12,2019-06-04 19:05:00,2019-06-04 12:05:00,1559649900,2019,155,"6","2019","100-200m"
"28","CN19Sc38_7_eDNA_RR",0.127562897010415,0.0411902117235496,0.1017296755173,"CN19Sc38_07_eDNA",12,"RR","RR50","6/4/19 12:05","06-04 day","CN19S",200,"WESTERN FLYER",NA,"CTD",38,"MARS",7,-122.198,36.712,"environmental","SS,RR,PP","18S,12S,COI","Tube Extracts (racks E-G),Filters (racks A-D)",NA,"CTD",NA,199.829,"CANON",26.077,0.0354,26.5103,201.41,NA,NA,NA,NA,8.1513,34.0527,NA,NA,NA,NA,NA,0.3852,NA,NA,NA,NA,"day",6,4,12,2019-06-04 19:05:00,2019-06-04 12:05:00,1559649900,2019,155,"6","2019","100-200m"
"29","CN19Sc38_4_eDNA_RR",0.0538386963319708,-0.202825455912523,-0.053977474918392,"CN19Sc38_04_eDNA",12,"RR","RR53","6/4/19 12:05","06-04 day","CN19S",400,"WESTERN FLYER",NA,"CTD",38,"MARS",4,-122.198,36.712,"environmental","SS,RR,PP","18S,12S,COI","Filters (racks A-D),Tube Extracts (racks E-G)",NA,"CTD",NA,400.187,"CANON",35.124,0.0379,26.845,403.551,NA,NA,NA,NA,6.4554,34.1727,NA,NA,NA,NA,NA,0.4463,NA,NA,NA,NA,"day",6,4,12,2019-06-04 19:05:00,2019-06-04 12:05:00,1559649900,2019,155,"6","2019","300-400m"
"30","CN19Sc38_3_eDNA_RR",-0.0723950865798201,0.00779183060587162,-0.0475020339051909,"CN19Sc38_03_eDNA",12,"RR","RR54","6/4/19 12:05","06-04 day","CN19S",500,"WESTERN FLYER",NA,"CTD",38,"MARS",3,-122.198,36.712,"environmental","SS,RR,PP","18S,12S,COI","Tube Extracts (racks E-G),Filters (racks A-D)",NA,"CTD",NA,499.769,"CANON",36.825,0.0367,26.9677,504.093,NA,NA,NA,NA,5.9157,34.2394,NA,NA,NA,NA,NA,0.417,NA,NA,NA,NA,"day",6,4,12,2019-06-04 19:05:00,2019-06-04 12:05:00,1559649900,2019,155,"6","2019","400-500m"
"31","CN19Sc28_11_eDNA_RR",-0.0890035871286897,0.0345536901418853,-0.0319673988231804,"CN19Sc28_11_eDNA",12,"RR","RR58","6/3/19 9:02","06-03 day","CN19S",25,"WESTERN FLYER",NA,"CTD",28,"OFFMARS_E",11,-122.1645,36.712,"environmental","SS,RR,PP","18S,12S,COI","Tube Extracts (racks E-G),Filters (racks A-D)",NA,"CTD",NA,25.797,"CANON",10.199,0.0466,25.276,25.99,NA,NA,NA,NA,11.8202,33.265,NA,NA,NA,NA,NA,0.6656,NA,NA,NA,NA,"day",6,3,9,2019-06-03 16:02:00,2019-06-03 09:02:00,1559552520,2019,154,"6","2019","0-50m"
"32","CN19Sc28_10_eDNA_RR",0.0635649309552173,-0.0515494592942118,-0.0389078626813869,"CN19Sc28_10_eDNA",12,"RR","RR59","6/3/19 9:02","06-03 day","CN19S",40,"WESTERN FLYER",NA,"CTD",28,"OFFMARS_E",10,-122.1645,36.712,"environmental","SS,RR,PP","18S,12S,COI","Filters (racks A-D),Tube Extracts (racks E-G)",NA,"CTD",NA,40.074,"CANON",20.023,0.0409,25.7695,40.376,NA,NA,NA,NA,10.3942,33.5705,NA,NA,NA,NA,NA,0.5235,NA,NA,NA,NA,"day",6,3,9,2019-06-03 16:02:00,2019-06-03 09:02:00,1559552520,2019,154,"6","2019","0-50m"
"33","CN19Sc28_9_eDNA_RR",0.138309975771686,-0.162403316053323,0.107331651347179,"CN19Sc28_09_eDNA",12,"RR","RR60","6/3/19 9:02","06-03 day","CN19S",50,"WESTERN FLYER",NA,"CTD",28,"OFFMARS_E",9,-122.1645,36.712,"environmental","SS,RR,PP","18S,12S,COI","Tube Extracts (racks E-G),Filters (racks A-D)",NA,"CTD",NA,50.169,"CANON",22.455,0.0385,25.9605,50.548,NA,NA,NA,NA,9.8973,33.7069,NA,NA,NA,NA,NA,0.4619,NA,NA,NA,NA,"day",6,3,9,2019-06-03 16:02:00,2019-06-03 09:02:00,1559552520,2019,154,"6","2019","0-50m"
"34","CN19Sc28_8_eDNA_RR",0.0395832481514849,-0.00547521409072076,-0.0536142904924633,"CN19Sc28_08_eDNA",12,"RR","RR61","6/3/19 9:02","06-03 day","CN19S",60,"WESTERN FLYER",NA,"CTD",28,"OFFMARS_E",8,-122.1645,36.712,"environmental","SS,RR,PP","18S,12S,COI","Tube Extracts (racks E-G),Filters (racks A-D)",NA,"CTD",NA,59.792,"CANON",24.334,0.0366,26.0244,60.245,NA,NA,NA,NA,9.7576,33.7587,NA,NA,NA,NA,NA,0.4158,NA,NA,NA,NA,"day",6,3,9,2019-06-03 16:02:00,2019-06-03 09:02:00,1559552520,2019,154,"6","2019","50-100m"
"35","CN19Sc28_7_eDNA_RR",0.0480805343962783,-0.168005522672461,-0.0818950694916381,"CN19Sc28_07_eDNA",12,"RR","RR62","6/3/19 9:02","06-03 day","CN19S",100,"WESTERN FLYER",NA,"CTD",28,"OFFMARS_E",7,-122.1645,36.712,"environmental","SS,RR,PP","18S,12S,COI","Tube Extracts (racks E-G),Filters (racks A-D)",NA,"CTD",NA,100.325,"CANON",29.014,0.0368,26.2879,101.094,NA,NA,NA,NA,9.0159,33.9408,NA,NA,NA,NA,NA,0.4214,NA,NA,NA,NA,"day",6,3,9,2019-06-03 16:02:00,2019-06-03 09:02:00,1559552520,2019,154,"6","2019","50-100m"
"36","CN19Sc28_6_eDNA_RR",-0.0447396995092527,0.0942161831829282,0.0115189335746198,"CN19Sc28_06_eDNA",12,"RR","RR63","6/3/19 9:02","06-03 day","CN19S",110,"WESTERN FLYER",NA,"CTD",28,"OFFMARS_E",6,-122.1645,36.712,"environmental","SS,RR,PP","18S,12S,COI","Tube Extracts (racks E-G),Filters (racks A-D)",NA,"CTD",NA,110.423,"CANON",28.105,0.0369,26.3183,111.273,NA,NA,NA,NA,8.8924,33.9546,NA,NA,NA,NA,NA,0.4226,NA,NA,NA,NA,"day",6,3,9,2019-06-03 16:02:00,2019-06-03 09:02:00,1559552520,2019,154,"6","2019","100-200m"
"37","CN19Sc28_5_eDNA_RR",-0.100464145674997,0.0742459609179306,-0.0716226841387352,"CN19Sc28_05_eDNA",12,"RR","RR65","6/3/19 9:02","06-03 day","CN19S",150,"WESTERN FLYER",NA,"CTD",28,"OFFMARS_E",5,-122.1645,36.712,"environmental","SS,RR,PP","18S,12S,COI","Tube Extracts (racks E-G),Filters (racks A-D)",NA,"CTD",NA,150.934,"CANON",30.471,0.0366,26.4318,152.11,NA,NA,NA,NA,8.5007,34.021,NA,NA,NA,NA,NA,0.4152,NA,NA,NA,NA,"day",6,3,9,2019-06-03 16:02:00,2019-06-03 09:02:00,1559552520,2019,154,"6","2019","100-200m"
"38","CN19Sc28_4_eDNA_RR",-0.0842027504474422,0.075240649074575,-0.0600374935549292,"CN19Sc28_04_eDNA",12,"RR","RR66","6/3/19 9:02","06-03 day","CN19S",165,"WESTERN FLYER",NA,"CTD",28,"OFFMARS_E",4,-122.1645,36.712,"environmental","SS,RR,PP","18S,12S,COI","Tube Extracts (racks E-G),Filters (racks A-D)",NA,"CTD",NA,166.14,"CANON",31.05,0.036,26.4593,167.442,NA,NA,NA,NA,8.3878,34.0337,NA,NA,NA,NA,NA,0.4002,NA,NA,NA,NA,"day",6,3,9,2019-06-03 16:02:00,2019-06-03 09:02:00,1559552520,2019,154,"6","2019","100-200m"
"39","CN19Sc28_2_eDNA_RR",-0.0667548785109352,0.0592135701632522,0.0554145313826998,"CN19Sc28_02_eDNA",12,"RR","RR68","6/3/19 9:02","06-03 day","CN19S",245,"WESTERN FLYER",NA,"CTD",28,"OFFMARS_E",2,-122.1645,36.712,"environmental","SS,RR,PP","18S,12S,COI","Tube Extracts (racks E-G),Filters (racks A-D)",NA,"CTD",NA,246.271,"CANON",33.457,0.0347,26.6098,248.248,NA,NA,NA,NA,7.7225,34.0982,NA,NA,NA,NA,NA,0.3678,NA,NA,NA,NA,"day",6,3,9,2019-06-03 16:02:00,2019-06-03 09:02:00,1559552520,2019,154,"6","2019","200-300m"
"40","CN19Sc28_1_eDNA_RR",0.067090307534016,-0.187152919922257,-0.0572070208047416,"CN19Sc28_01_eDNA",12,"RR","RR69","6/3/19 9:02","06-03 day","CN19S",300,"WESTERN FLYER",NA,"CTD",28,"OFFMARS_E",1,-122.1645,36.712,"environmental","SS,RR,PP","18S,12S,COI","Tube Extracts (racks E-G),Filters (racks A-D)",NA,"CTD",NA,300.277,"CANON",36.013,0.0359,26.7077,302.728,NA,NA,NA,NA,7.1973,34.127,NA,NA,NA,NA,NA,0.3989,NA,NA,NA,NA,"day",6,3,9,2019-06-03 16:02:00,2019-06-03 09:02:00,1559552520,2019,154,"6","2019","200-300m"
"41","CN19Sc30_12_eDNA_RR",-0.0964272611580264,-0.0095934488683503,-0.0141354061844358,"CN19Sc30_12_eDNA",12,"RR","RR70","6/3/19 15:17","06-03 day","CN19S",0,"WESTERN FLYER",NA,"CTD",30,"OFFMARS_E",12,-122.1643,36.7118,"environmental","SS,RR,PP","18S,12S,COI","Filters (racks A-D),Tube Extracts (racks E-G)",NA,"CTD",NA,3.197,"CANON",0.242,0.0748,24.1341,3.221,NA,NA,NA,NA,14.1406,32.3797,NA,NA,NA,NA,NA,1.3695,NA,NA,NA,NA,"day",6,3,15,2019-06-03 22:17:00,2019-06-03 15:17:00,1559575020,2019,154,"6","2019","0-50m"
"42","CN19Sc30_11_eDNA_RR",0.0122465422211798,0.038513066709056,0.105104068771065,"CN19Sc30_11_eDNA",12,"RR","RR71","6/3/19 15:17","06-03 day","CN19S",25,"WESTERN FLYER",NA,"CTD",30,"OFFMARS_E",11,-122.1643,36.7118,"environmental","SS,RR,PP","18S,12S,COI","Filters (racks A-D),Tube Extracts (racks E-G)",NA,"CTD",NA,25.981,"CANON",15.991,0.0448,25.5884,26.175,NA,NA,NA,NA,10.9878,33.4719,NA,NA,NA,NA,NA,0.6194,NA,NA,NA,NA,"day",6,3,15,2019-06-03 22:17:00,2019-06-03 15:17:00,1559575020,2019,154,"6","2019","0-50m"
"43","CN19Sc30_9_eDNA_RR",-0.137750039928737,-0.0894757667032715,-0.0282939929454213,"CN19Sc30_09_eDNA",12,"RR","RR72","6/3/19 15:17","06-03 day","CN19S",50,"WESTERN FLYER",NA,"CTD",30,"OFFMARS_E",9,-122.1643,36.7118,"environmental","SS,RR,PP","18S,12S,COI","Filters (racks A-D),Tube Extracts (racks E-G)",NA,"CTD",NA,48.299,"CANON",21.964,0.0381,25.9142,48.663,NA,NA,NA,NA,9.9882,33.6672,NA,NA,NA,NA,NA,0.4513,NA,NA,NA,NA,"day",6,3,15,2019-06-03 22:17:00,2019-06-03 15:17:00,1559575020,2019,154,"6","2019","0-50m"
"44","CN19Sc30_10_eDNA_RR",-0.0334357497221056,0.10036760327078,-0.0537634044995773,"CN19Sc30_10_eDNA",12,"RR","RR73","6/3/19 15:17","06-03 day","CN19S",40,"WESTERN FLYER",NA,"CTD",30,"OFFMARS_E",10,-122.1643,36.7118,"environmental","SS,RR,PP","18S,12S,COI","Filters (racks A-D),Tube Extracts (racks E-G)",NA,"CTD",NA,41.401,"CANON",21.7,0.0412,25.8045,41.712,NA,NA,NA,NA,10.2878,33.5919,NA,NA,NA,NA,NA,0.5298,NA,NA,NA,NA,"day",6,3,15,2019-06-03 22:17:00,2019-06-03 15:17:00,1559575020,2019,154,"6","2019","0-50m"
"45","CN19Sc30_8_eDNA_RR",0.0153475399549099,-0.102310435880343,-0.0667145750806233,"CN19Sc30_08_eDNA",12,"RR","RR74","6/3/19 15:17","06-03 day","CN19S",60,"WESTERN FLYER",NA,"CTD",30,"OFFMARS_E",8,-122.1643,36.7118,"environmental","SS,RR,PP","18S,12S,COI","Tube Extracts (racks E-G),Filters (racks A-D)",NA,"CTD",NA,60.503,"CANON",22.796,0.0384,25.965,60.961,NA,NA,NA,NA,9.8994,33.7129,NA,NA,NA,NA,NA,0.46,NA,NA,NA,NA,"day",6,3,15,2019-06-03 22:17:00,2019-06-03 15:17:00,1559575020,2019,154,"6","2019","50-100m"
"46","CN19Sc30_7_eDNA_RR",0.0678345929068686,0.0197646322020823,-0.144129853036134,"CN19Sc30_07_eDNA",12,"RR","RR75","6/3/19 15:17","06-03 day","CN19S",100,"WESTERN FLYER",NA,"CTD",30,"OFFMARS_E",7,-122.1643,36.7118,"environmental","SS,RR,PP","18S,12S,COI","Tube Extracts (racks E-G),Filters (racks A-D)",NA,"CTD",NA,100.205,"CANON",22.658,0.0372,26.165,100.974,NA,NA,NA,NA,9.389,33.8602,NA,NA,NA,NA,NA,0.4307,NA,NA,NA,NA,"day",6,3,15,2019-06-03 22:17:00,2019-06-03 15:17:00,1559575020,2019,154,"6","2019","50-100m"
"47","CN19Sc30_5_eDNA_RR",0.0551466937974082,0.0335077639127354,-0.0826335926998182,"CN19Sc30_05_eDNA",12,"RR","RR77","6/3/19 15:17","06-03 day","CN19S",150,"WESTERN FLYER",NA,"CTD",30,"OFFMARS_E",5,-122.1643,36.7118,"environmental","SS,RR,PP","18S,12S,COI","Filters (racks A-D),Tube Extracts (racks E-G)",NA,"CTD",NA,150.768,"CANON",25.883,0.0382,26.3892,151.943,NA,NA,NA,NA,8.6571,33.9972,NA,NA,NA,NA,NA,0.4531,NA,NA,NA,NA,"day",6,3,15,2019-06-03 22:17:00,2019-06-03 15:17:00,1559575020,2019,154,"6","2019","100-200m"
"48","CN19Sc30_4_eDNA_RR",-0.0515575872330081,-0.123634102861044,0.181000827411243,"CN19Sc30_04_eDNA",12,"RR","RR78","6/3/19 15:17","06-03 day","CN19S",165,"WESTERN FLYER",NA,"CTD",30,"OFFMARS_E",4,-122.1643,36.7118,"environmental","SS,RR,PP","18S,12S,COI","Filters (racks A-D),Tube Extracts (racks E-G)",NA,"CTD",NA,165.414,"CANON",30.35,0.0372,26.4203,166.71,NA,NA,NA,NA,8.5467,34.015,NA,NA,NA,NA,NA,0.4289,NA,NA,NA,NA,"day",6,3,15,2019-06-03 22:17:00,2019-06-03 15:17:00,1559575020,2019,154,"6","2019","100-200m"
"49","CN19Sc30_3_eDNA_RR",-0.0719111067025773,0.0564024784947458,-0.0258473137549427,"CN19Sc30_03_eDNA",12,"RR","RR79","6/3/19 15:17","06-03 day","CN19S",200,"WESTERN FLYER",NA,"CTD",30,"OFFMARS_E",3,-122.1643,36.7118,"environmental","SS,RR,PP","18S,12S,COI","Filters (racks A-D),Tube Extracts (racks E-G)",NA,"CTD",NA,200.21,"CANON",32.236,0.036,26.5207,201.795,NA,NA,NA,NA,8.1206,34.0601,NA,NA,NA,NA,NA,0.4002,NA,NA,NA,NA,"day",6,3,15,2019-06-03 22:17:00,2019-06-03 15:17:00,1559575020,2019,154,"6","2019","100-200m"
"50","CN19Sc30_2_eDNA_RR",0.196274642863536,0.0401974560643436,0.050564364796166,"CN19Sc30_02_eDNA",12,"RR","RR80","6/3/19 15:17","06-03 day","CN19S",245,"WESTERN FLYER",NA,"CTD",30,"OFFMARS_E",2,-122.1643,36.7118,"environmental","SS,RR,PP","18S,12S,COI","Tube Extracts (racks E-G),Filters (racks A-D)",NA,"CTD",NA,243.607,"CANON",34.087,0.0366,26.6196,245.561,NA,NA,NA,NA,7.647,34.0968,NA,NA,NA,NA,NA,0.4146,NA,NA,NA,NA,"day",6,3,15,2019-06-03 22:17:00,2019-06-03 15:17:00,1559575020,2019,154,"6","2019","200-300m"
"51","CN19Sc30_1_eDNA_RR",0.121857016907765,-0.00210148632899149,-0.0580231055579536,"CN19Sc30_01_eDNA",12,"RR","RR81","6/3/19 15:17","06-03 day","CN19S",300,"WESTERN FLYER",NA,"CTD",30,"OFFMARS_E",1,-122.1643,36.7118,"environmental","SS,RR,PP","18S,12S,COI","Filters (racks A-D),Tube Extracts (racks E-G)",NA,"CTD",NA,301.597,"CANON",35.617,0.0366,26.7133,304.06,NA,NA,NA,NA,7.0851,34.1144,NA,NA,NA,NA,NA,0.4158,NA,NA,NA,NA,"day",6,3,15,2019-06-03 22:17:00,2019-06-03 15:17:00,1559575020,2019,154,"6","2019","200-300m"
"52","CN19Sc37_12_eDNA_RR",-0.111390179884626,0.0458155803823436,-0.0304055137476668,"CN19Sc37_12_eDNA",12,"RR","RR82","6/4/19 9:03","06-04 day","CN19S",0,"WESTERN FLYER",NA,"CTD",37,"OFFMARS_E",12,-122.1647,36.712,"environmental","SS,RR,PP","18S,12S,COI","Tube Extracts (racks E-G),Filters (racks A-D)",NA,"CTD",NA,2.267,"CANON",0.206,0.0918,24.275,2.284,NA,NA,NA,NA,13.9024,32.4988,NA,NA,NA,NA,NA,1.7944,NA,NA,NA,NA,"day",6,4,9,2019-06-04 16:03:00,2019-06-04 09:03:00,1559638980,2019,155,"6","2019","0-50m"
"53","CN19Sc37_10_eDNA_RR",0.0780594651459541,0.0350286377379082,-0.0941202326007711,"CN19Sc37_10_eDNA",12,"RR","RR84","6/4/19 9:03","06-04 day","CN19S",25,"WESTERN FLYER",NA,"CTD",37,"OFFMARS_E",10,-122.1647,36.712,"environmental","SS,RR,PP","18S,12S,COI","Filters (racks A-D),Tube Extracts (racks E-G)",NA,"CTD",NA,25.445,"CANON",13.061,0.044,25.3832,25.636,NA,NA,NA,NA,11.513,33.3301,NA,NA,NA,NA,NA,0.5989,NA,NA,NA,NA,"day",6,4,9,2019-06-04 16:03:00,2019-06-04 09:03:00,1559638980,2019,155,"6","2019","0-50m"
"54","CN19Sc37_9_eDNA_RR",0.077524725007414,-0.00750241480653643,-0.0706323592989432,"CN19Sc37_09_eDNA",12,"RR","RR85","6/4/19 9:03","06-04 day","CN19S",40,"WESTERN FLYER",NA,"CTD",37,"OFFMARS_E",9,-122.1647,36.712,"environmental","SS,RR,PP","18S,12S,COI","Tube Extracts (racks E-G),Filters (racks A-D)",NA,"CTD",NA,40.092,"CANON",18.658,0.0419,25.7156,40.394,NA,NA,NA,NA,10.5333,33.5323,NA,NA,NA,NA,NA,0.5472,NA,NA,NA,NA,"day",6,4,9,2019-06-04 16:03:00,2019-06-04 09:03:00,1559638980,2019,155,"6","2019","0-50m"
"55","CN19Sc37_8_eDNA_RR",0.0800449826417387,-0.0839131265770503,0.0859719090537441,"CN19Sc37_08_eDNA",12,"RR","RR86","6/4/19 9:03","06-04 day","CN19S",50,"WESTERN FLYER",NA,"CTD",37,"OFFMARS_E",8,-122.1647,36.712,"environmental","SS,RR,PP","18S,12S,COI","Filters (racks A-D),Tube Extracts (racks E-G)",NA,"CTD",NA,50.465,"CANON",20.325,0.0403,25.8329,50.846,NA,NA,NA,NA,10.1775,33.604,NA,NA,NA,NA,NA,0.5073,NA,NA,NA,NA,"day",6,4,9,2019-06-04 16:03:00,2019-06-04 09:03:00,1559638980,2019,155,"6","2019","0-50m"
"56","CN19Sc37_7_eDNA_RR",0.0526059529168352,-0.0590695873747128,-0.0411287075302506,"CN19Sc37_07_eDNA",12,"RR","RR87","6/4/19 9:03","06-04 day","CN19S",75,"WESTERN FLYER",NA,"CTD",37,"OFFMARS_E",7,-122.1647,36.712,"environmental","SS,RR,PP","18S,12S,COI","Filters (racks A-D),Tube Extracts (racks E-G)",NA,"CTD",NA,76.119,"CANON",24.233,0.0369,26.0905,76.699,NA,NA,NA,NA,9.5856,33.8066,NA,NA,NA,NA,NA,0.4226,NA,NA,NA,NA,"day",6,4,9,2019-06-04 16:03:00,2019-06-04 09:03:00,1559638980,2019,155,"6","2019","50-100m"
"57","CN19Sc37_6_eDNA_RR",0.125304042431501,-0.134047841221503,-0.0763744832831806,"CN19Sc37_06_eDNA",12,"RR","RR88","6/4/19 9:03","06-04 day","CN19S",100,"WESTERN FLYER",NA,"CTD",37,"OFFMARS_E",6,-122.1647,36.712,"environmental","SS,RR,PP","18S,12S,COI","Tube Extracts (racks E-G),Filters (racks A-D)",NA,"CTD",NA,99.782,"CANON",26.577,0.0458,26.2499,100.547,NA,NA,NA,NA,9.1272,33.9149,NA,NA,NA,NA,NA,0.6456,NA,NA,NA,NA,"day",6,4,9,2019-06-04 16:03:00,2019-06-04 09:03:00,1559638980,2019,155,"6","2019","50-100m"
"58","CN19Sc37_5_eDNA_RR",0.0748821931235008,0.071263609353918,-0.0553368557046403,"CN19Sc37_05_eDNA",12,"RR","RR89","6/4/19 9:03","06-04 day","CN19S",130,"WESTERN FLYER",NA,"CTD",37,"OFFMARS_E",5,-122.1647,36.712,"environmental","SS,RR,PP","18S,12S,COI","Filters (racks A-D),Tube Extracts (racks E-G)",NA,"CTD",NA,129.402,"CANON",27.598,0.04,26.3916,130.404,NA,NA,NA,NA,8.6421,33.9978,NA,NA,NA,NA,NA,0.4986,NA,NA,NA,NA,"day",6,4,9,2019-06-04 16:03:00,2019-06-04 09:03:00,1559638980,2019,155,"6","2019","100-200m"
"59","CN19Sc37_4_eDNA_RR",-0.101918460793037,-0.142285059763432,-0.035801442840023,"CN19Sc37_04_eDNA",12,"RR","RR90","6/4/19 9:03","06-04 day","CN19S",150,"WESTERN FLYER",NA,"CTD",37,"OFFMARS_E",4,-122.1647,36.712,"environmental","SS,RR,PP","18S,12S,COI","Tube Extracts (racks E-G),Filters (racks A-D)",NA,"CTD",NA,151.36,"CANON",29.248,0.0366,26.4474,152.54,NA,NA,NA,NA,8.4142,34.0239,NA,NA,NA,NA,NA,0.4158,NA,NA,NA,NA,"day",6,4,9,2019-06-04 16:03:00,2019-06-04 09:03:00,1559638980,2019,155,"6","2019","100-200m"
"60","CN19Sc37_3_eDNA_RR",0.135369556510635,0.0327910188766205,0.064365521528622,"CN19Sc37_03_eDNA",12,"RR","RR91","6/4/19 9:03","06-04 day","CN19S",200,"WESTERN FLYER",NA,"CTD",37,"OFFMARS_E",3,-122.1647,36.712,"environmental","SS,RR,PP","18S,12S,COI","Tube Extracts (racks E-G),Filters (racks A-D)",NA,"CTD",NA,200.042,"CANON",30.732,0.0354,26.5183,201.625,NA,NA,NA,NA,8.1363,34.06,NA,NA,NA,NA,NA,0.3852,NA,NA,NA,NA,"day",6,4,9,2019-06-04 16:03:00,2019-06-04 09:03:00,1559638980,2019,155,"6","2019","100-200m"
"61","CN19Sc37_2_eDNA_RR",0.169088967474216,0.020900946036641,0.0984596650518656,"CN19Sc37_02_eDNA",12,"RR","RR92","6/4/19 9:03","06-04 day","CN19S",250,"WESTERN FLYER",NA,"CTD",37,"OFFMARS_E",2,-122.1647,36.712,"environmental","SS,RR,PP","18S,12S,COI","Tube Extracts (racks E-G),Filters (racks A-D)",NA,"CTD",NA,250.72,"CANON",32.978,0.0353,26.6234,252.736,NA,NA,NA,NA,7.6761,34.1069,NA,NA,NA,NA,NA,0.3827,NA,NA,NA,NA,"day",6,4,9,2019-06-04 16:03:00,2019-06-04 09:03:00,1559638980,2019,155,"6","2019","200-300m"
"62","CN19Sc37_1_eDNA_RR",0.0245907930768917,0.00657066995666755,-0.0781578267588393,"CN19Sc37_01_eDNA",12,"RR","RR93","6/4/19 9:03","06-04 day","CN19S",300,"WESTERN FLYER",NA,"CTD",37,"OFFMARS_E",1,-122.1647,36.712,"environmental","SS,RR,PP","18S,12S,COI","Tube Extracts (racks E-G),Filters (racks A-D)",NA,"CTD",NA,301,"CANON",34.573,0.0366,26.7232,303.458,NA,NA,NA,NA,7.1498,34.1382,NA,NA,NA,NA,NA,0.4158,NA,NA,NA,NA,"day",6,4,9,2019-06-04 16:03:00,2019-06-04 09:03:00,1559638980,2019,155,"6","2019","200-300m"
"63","CN19Sc03_10_eDNA_JJ",0.0936326068913316,-0.11535043710357,0.0843811629036949,"CN19Sc03_10_eDNA",12,"JJ","JJ2","5/30/19 23:12","05-30 night","CN19S",40,"WESTERN FLYER",NA,"CTD",3,"MARS",10,-122.1972,36.7203,"environmental","JJ,KK,LL","12S,COI,18S","Filters (racks A-D),Tube Extracts (racks E-G)",NA,"CTD",NA,40.142,"CANON",18.74,0.0391,25.7698,40.444,NA,NA,NA,NA,10.3123,33.5529,NA,NA,NA,NA,NA,0.4768,NA,NA,NA,NA,"night",5,30,23,2019-05-31 06:12:00,2019-05-30 23:12:00,1559257920,2019,150,"5","2019","0-50m"
"64","CN19Sc03_9_eDNA_JJ",0.00431846126705272,0.107043662151617,-0.0471219723565296,"CN19Sc03_09_eDNA",12,"JJ","JJ3","5/30/19 23:12","05-30 night","CN19S",80,"WESTERN FLYER",NA,"CTD",3,"MARS",9,-122.1972,36.7203,"environmental","JJ,KK,LL","12S,COI,18S","Tube Extracts (racks E-G),Filters (racks A-D)",NA,"CTD",NA,80.528,"CANON",25.593,0.0333,26.174,81.142,NA,NA,NA,NA,9.3859,33.8715,NA,NA,NA,NA,NA,0.331,NA,NA,NA,NA,"night",5,30,23,2019-05-31 06:12:00,2019-05-30 23:12:00,1559257920,2019,150,"5","2019","50-100m"
"65","CN19Sc03_7_eDNA_JJ",-0.104612069517137,0.0350628939383158,-0.0368941751596281,"CN19Sc03_07_eDNA",12,"JJ","JJ4","5/30/19 23:12","05-30 night","CN19S",150,"WESTERN FLYER",NA,"CTD",3,"MARS",7,-122.1972,36.7203,"environmental","JJ,KK,LL","12S,COI,18S","Tube Extracts (racks E-G),Filters (racks A-D)",NA,"CTD",NA,149.85,"CANON",29.195,0.0331,26.4123,151.018,NA,NA,NA,NA,8.5976,34.0151,NA,NA,NA,NA,NA,0.3273,NA,NA,NA,NA,"night",5,30,23,2019-05-31 06:12:00,2019-05-30 23:12:00,1559257920,2019,150,"5","2019","100-200m"
"66","CN19Sc03_5_eDNA_JJ",0.200933850661367,0.0119663370986409,0.078510734366779,"CN19Sc03_05_eDNA",12,"JJ","JJ5","5/30/19 23:12","05-30 night","CN19S",250,"WESTERN FLYER",NA,"CTD",3,"MARS",5,-122.1972,36.7203,"environmental","JJ,KK,LL","12S,COI,18S","Filters (racks A-D),Tube Extracts (racks E-G)",NA,"CTD",NA,249.115,"CANON",33.498,0.0345,26.6529,251.117,NA,NA,NA,NA,7.4106,34.0962,NA,NA,NA,NA,NA,0.3622,NA,NA,NA,NA,"night",5,30,23,2019-05-31 06:12:00,2019-05-30 23:12:00,1559257920,2019,150,"5","2019","200-300m"
"67","CN19Sc03_4_eDNA_JJ",-0.0377975632502541,0.0241184530535507,0.00859101221014987,"CN19Sc03_04_eDNA",12,"JJ","JJ6","5/30/19 23:12","05-30 night","CN19S",300,"WESTERN FLYER",NA,"CTD",3,"MARS",4,-122.1972,36.7203,"environmental","JJ,KK,LL","12S,COI,18S","Filters (racks A-D),Tube Extracts (racks E-G)",NA,"CTD",NA,300.149,"CANON",35.399,0.0336,26.713,302.599,NA,NA,NA,NA,7.1294,34.1217,NA,NA,NA,NA,NA,0.3398,NA,NA,NA,NA,"night",5,30,23,2019-05-31 06:12:00,2019-05-30 23:12:00,1559257920,2019,150,"5","2019","200-300m"
"68","CN19Sc03_3_eDNA_JJ",-0.0585439151612748,0.0514217180605159,-0.0318881682428995,"CN19Sc03_03_eDNA",12,"JJ","JJ7","5/30/19 23:12","05-30 night","CN19S",400,"WESTERN FLYER",NA,"CTD",3,"MARS",3,-122.1972,36.7203,"environmental","JJ,KK,LL","12S,COI,18S","Filters (racks A-D),Tube Extracts (racks E-G)",NA,"CTD",NA,399.762,"CANON",37.979,0.0339,26.8703,403.122,NA,NA,NA,NA,6.3242,34.1831,NA,NA,NA,NA,NA,0.346,NA,NA,NA,NA,"night",5,30,23,2019-05-31 06:12:00,2019-05-30 23:12:00,1559257920,2019,150,"5","2019","300-400m"
"69","CN19Sc10_12_eDNA_JJ",-0.165062438847903,0.0754622118083888,0.0273290133835947,"CN19Sc10_12_eDNA",12,"JJ","JJ9","5/31/19 12:44","05-31 day","CN19S",0,"WESTERN FLYER",NA,"CTD",10,"MARS",12,-122.1985,36.7125,"environmental","JJ,KK,LL","12S,COI,18S","Tube Extracts (racks E-G),Filters (racks A-D)",NA,"CTD",NA,2.712,"CANON",3.489,0.1777,24.9882,2.732,NA,NA,NA,NA,12.8341,33.1442,NA,NA,NA,NA,NA,3.9423,NA,NA,NA,NA,"day",5,31,12,2019-05-31 19:44:00,2019-05-31 12:44:00,1559306640,2019,151,"5","2019","0-50m"
"70","CN19Sc10_10_eDNA_JJ",-0.0113154455775392,0.0840569288885089,0.163976127756921,"CN19Sc10_10_eDNA",12,"JJ","JJ10","5/31/19 12:44","05-31 day","CN19S",50,"WESTERN FLYER",NA,"CTD",10,"MARS",10,-122.1985,36.7125,"environmental","JJ,KK,LL","12S,COI,18S","Tube Extracts (racks E-G),Filters (racks A-D)",NA,"CTD",NA,48.129,"CANON",20.558,0.0368,25.8555,48.492,NA,NA,NA,NA,10.1273,33.6222,NA,NA,NA,NA,NA,0.4195,NA,NA,NA,NA,"day",5,31,12,2019-05-31 19:44:00,2019-05-31 12:44:00,1559306640,2019,151,"5","2019","0-50m"
"71","CN19Sc10_9_eDNA_JJ",-0.160259358061438,-0.108818286833073,0.0750445384263199,"CN19Sc10_09_eDNA",12,"JJ","JJ11","5/31/19 12:44","05-31 day","CN19S",80,"WESTERN FLYER",NA,"CTD",10,"MARS",9,-122.1985,36.7125,"environmental","JJ,KK,LL","12S,COI,18S","Tube Extracts (racks E-G),Filters (racks A-D)",NA,"CTD",NA,80.499,"CANON",26.673,0.034,26.1963,81.113,NA,NA,NA,NA,9.3358,33.8897,NA,NA,NA,NA,NA,0.3497,NA,NA,NA,NA,"day",5,31,12,2019-05-31 19:44:00,2019-05-31 12:44:00,1559306640,2019,151,"5","2019","50-100m"
"72","CN19Sc10_7_eDNA_JJ",-0.0827659562441437,0.0422229329165098,-0.015160221411522,"CN19Sc10_07_eDNA",12,"JJ","JJ12","5/31/19 12:44","05-31 day","CN19S",150,"WESTERN FLYER",NA,"CTD",10,"MARS",7,-122.1985,36.7125,"environmental","JJ,KK,LL","12S,COI,18S","Filters (racks A-D),Tube Extracts (racks E-G)",NA,"CTD",NA,150.812,"CANON",29.346,0.0337,26.3938,151.987,NA,NA,NA,NA,8.6794,34.0076,NA,NA,NA,NA,NA,0.3416,NA,NA,NA,NA,"day",5,31,12,2019-05-31 19:44:00,2019-05-31 12:44:00,1559306640,2019,151,"5","2019","100-200m"
"73","CN19Sc10_5_eDNA_JJ",-0.0214513140556604,0.0614400684553271,0.179789849709299,"CN19Sc10_05_eDNA",12,"JJ","JJ13","5/31/19 12:44","05-31 day","CN19S",285,"WESTERN FLYER",NA,"CTD",10,"MARS",5,-122.1985,36.7125,"environmental","JJ,KK,LL","12S,COI,18S","Filters (racks A-D),Tube Extracts (racks E-G)",NA,"CTD",NA,282.605,"CANON",33.226,0.0342,26.697,284.9,NA,NA,NA,NA,7.2621,34.1252,NA,NA,NA,NA,NA,0.3541,NA,NA,NA,NA,"day",5,31,12,2019-05-31 19:44:00,2019-05-31 12:44:00,1559306640,2019,151,"5","2019","200-300m"
"74","CN19Sc10_4_eDNA_JJ",0.108052741127654,0.0209990277787345,-0.0608746330816818,"CN19Sc10_04_eDNA",12,"JJ","JJ14","5/31/19 12:44","05-31 day","CN19S",400,"WESTERN FLYER",NA,"CTD",10,"MARS",4,-122.1985,36.7125,"environmental","JJ,KK,LL","12S,COI,18S","Tube Extracts (racks E-G),Filters (racks A-D)",NA,"CTD",NA,400.311,"CANON",38.491,0.0363,26.8633,403.677,NA,NA,NA,NA,6.375,34.1827,NA,NA,NA,NA,NA,0.4071,NA,NA,NA,NA,"day",5,31,12,2019-05-31 19:44:00,2019-05-31 12:44:00,1559306640,2019,151,"5","2019","300-400m"
"75","CN19Sc10_3_eDNA_JJ",0.0976024102882276,0.0638329131194517,-0.0986791321282178,"CN19Sc10_03_eDNA",12,"JJ","JJ15","5/31/19 12:44","05-31 day","CN19S",500,"WESTERN FLYER",NA,"CTD",10,"MARS",3,-122.1985,36.7125,"environmental","JJ,KK,LL","12S,COI,18S","Filters (racks A-D),Tube Extracts (racks E-G)",NA,"CTD",NA,501.455,"CANON",40.708,0.0365,26.9812,505.795,NA,NA,NA,NA,5.8341,34.2437,NA,NA,NA,NA,NA,0.4121,NA,NA,NA,NA,"day",5,31,12,2019-05-31 19:44:00,2019-05-31 12:44:00,1559306640,2019,151,"5","2019","400-500m"
"76","CN19Sc11_10_eDNA_JJ",-0.123048231879328,-0.12717891963954,-0.0145819646589589,"CN19Sc11_10_eDNA",12,"JJ","JJ18","5/31/19 18:11","05-31 transition","CN19S",45,"WESTERN FLYER",NA,"CTD",11,"MARS",10,-122.1982,36.7122,"environmental","JJ,KK,LL","12S,COI,18S","Filters (racks A-D),Tube Extracts (racks E-G)",NA,"CTD",NA,44.898,"CANON",24.208,0.0453,25.7098,45.237,NA,NA,NA,NA,10.5135,33.5202,NA,NA,NA,NA,NA,0.6319,NA,NA,NA,NA,"transition",5,31,18,2019-06-01 01:11:00,2019-05-31 18:11:00,1559326260,2019,151,"5","2019","0-50m"
"77","CN19Sc11_7_eDNA_JJ",0.00499918334345125,-0.0993560499729673,-0.0068626923085327,"CN19Sc11_07_eDNA",12,"JJ","JJ19","5/31/19 18:11","05-31 transition","CN19S",150,"WESTERN FLYER",NA,"CTD",11,"MARS",7,-122.1982,36.7122,"environmental","JJ,KK,LL","12S,COI,18S","Filters (racks A-D),Tube Extracts (racks E-G)",NA,"CTD",NA,148.725,"CANON",26.221,0.0335,26.446,149.884,NA,NA,NA,NA,8.4801,34.0351,NA,NA,NA,NA,NA,0.3373,NA,NA,NA,NA,"transition",5,31,18,2019-06-01 01:11:00,2019-05-31 18:11:00,1559326260,2019,151,"5","2019","100-200m"
"78","CN19Sc11_5_eDNA_JJ",0.140841558200497,0.112099805006693,0.0194125776743041,"CN19Sc11_05_eDNA",12,"JJ","JJ20","5/31/19 18:11","05-31 transition","CN19S",280,"WESTERN FLYER",NA,"CTD",11,"MARS",5,-122.1982,36.7122,"environmental","JJ,KK,LL","12S,COI,18S","Tube Extracts (racks E-G),Filters (racks A-D)",NA,"CTD",NA,280.618,"CANON",34.872,0.0336,26.6754,282.895,NA,NA,NA,NA,7.3924,34.121,NA,NA,NA,NA,NA,0.3398,NA,NA,NA,NA,"transition",5,31,18,2019-06-01 01:11:00,2019-05-31 18:11:00,1559326260,2019,151,"5","2019","200-300m"
"79","CN19Sc12_12_eDNA_JJ",-0.0525958129366658,0.0436209619622977,-0.0359203571899839,"CN19Sc12_12_eDNA",12,"JJ","JJ21","6/1/19 0:11","06-01 night","CN19S",0,"WESTERN FLYER",NA,"CTD",12,"MARS",12,-122.1983,36.712,"environmental","JJ,KK,LL","12S,COI,18S","Tube Extracts (racks E-G),Filters (racks A-D)",NA,"CTD",NA,2.599,"CANON",3.748,0.1263,24.9674,2.618,NA,NA,NA,NA,12.6176,33.063,NA,NA,NA,NA,NA,2.6572,NA,NA,NA,NA,"night",6,1,0,2019-06-01 07:11:00,2019-06-01 00:11:00,1559347860,2019,152,"6","2019","0-50m"
"80","CN19Sc12_10_eDNA_JJ",0.032454733221939,-0.00610317509652542,-0.0741915954847914,"CN19Sc12_10_eDNA",12,"JJ","JJ22","6/1/19 0:11","06-01 night","CN19S",45,"WESTERN FLYER",NA,"CTD",12,"MARS",10,-122.1983,36.712,"environmental","JJ,KK,LL","12S,COI,18S","Tube Extracts (racks E-G),Filters (racks A-D)",NA,"CTD",NA,44.66,"CANON",18.18,0.045,25.783,44.996,NA,NA,NA,NA,10.1496,33.5342,NA,NA,NA,NA,NA,0.6251,NA,NA,NA,NA,"night",6,1,0,2019-06-01 07:11:00,2019-06-01 00:11:00,1559347860,2019,152,"6","2019","0-50m"
"81","CN19Sc12_9_eDNA_JJ",0.0537996117651255,0.0210303096507259,0.10002229810308,"CN19Sc12_09_eDNA",12,"JJ","JJ23","6/1/19 0:11","06-01 night","CN19S",80,"WESTERN FLYER",NA,"CTD",12,"MARS",9,-122.1983,36.712,"environmental","JJ,KK,LL","12S,COI,18S","Tube Extracts (racks E-G),Filters (racks A-D)",NA,"CTD",NA,80.76,"CANON",24.035,0.0354,26.0495,81.376,NA,NA,NA,NA,9.6766,33.7732,NA,NA,NA,NA,NA,0.3846,NA,NA,NA,NA,"night",6,1,0,2019-06-01 07:11:00,2019-06-01 00:11:00,1559347860,2019,152,"6","2019","50-100m"
"82","CN19Sc12_7_eDNA_JJ",0.0133170634445652,-0.146808980039751,0.149244649094222,"CN19Sc12_07_eDNA",12,"JJ","JJ24","6/1/19 0:11","06-01 night","CN19S",150,"WESTERN FLYER",NA,"CTD",12,"MARS",7,-122.1983,36.712,"environmental","JJ,KK,LL","12S,COI,18S","Filters (racks A-D),Tube Extracts (racks E-G)",NA,"CTD",NA,150.102,"CANON",28.329,0.0342,26.3708,151.272,NA,NA,NA,NA,8.7668,33.9956,NA,NA,NA,NA,NA,0.3535,NA,NA,NA,NA,"night",6,1,0,2019-06-01 07:11:00,2019-06-01 00:11:00,1559347860,2019,152,"6","2019","100-200m"
"83","CN19Sc12_5_eDNA_JJ",0.121616528784092,0.0678820952473135,0.104997454517828,"CN19Sc12_05_eDNA",12,"JJ","JJ25","6/1/19 0:11","06-01 night","CN19S",280,"WESTERN FLYER",NA,"CTD",12,"MARS",5,-122.1983,36.712,"environmental","JJ,KK,LL","12S,COI,18S","Filters (racks A-D),Tube Extracts (racks E-G)",NA,"CTD",NA,280.15,"CANON",35.372,0.0337,26.6908,282.423,NA,NA,NA,NA,7.3251,34.1285,NA,NA,NA,NA,NA,0.341,NA,NA,NA,NA,"night",6,1,0,2019-06-01 07:11:00,2019-06-01 00:11:00,1559347860,2019,152,"6","2019","200-300m"
"84","CN19Sc12_4_eDNA_JJ",0.0504417791173352,0.0464148777292432,-0.13729966252478,"CN19Sc12_04_eDNA",12,"JJ","JJ26","6/1/19 0:11","06-01 night","CN19S",400,"WESTERN FLYER",NA,"CTD",12,"MARS",4,-122.1983,36.712,"environmental","JJ,KK,LL","12S,COI,18S","Tube Extracts (racks E-G),Filters (racks A-D)",NA,"CTD",NA,400.741,"CANON",38.752,0.035,26.8537,404.111,NA,NA,NA,NA,6.4331,34.1801,NA,NA,NA,NA,NA,0.374,NA,NA,NA,NA,"night",6,1,0,2019-06-01 07:11:00,2019-06-01 00:11:00,1559347860,2019,152,"6","2019","300-400m"
"85","CN19Sc12_3_eDNA_JJ",0.165397816798608,0.0626355393100092,-0.101653792292955,"CN19Sc12_03_eDNA",12,"JJ","JJ27","6/1/19 0:11","06-01 night","CN19S",500,"WESTERN FLYER",NA,"CTD",12,"MARS",3,-122.1983,36.712,"environmental","JJ,KK,LL","12S,COI,18S","Tube Extracts (racks E-G),Filters (racks A-D)",NA,"CTD",NA,499.348,"CANON",38.568,0.0354,26.9576,503.667,NA,NA,NA,NA,5.9523,34.2325,NA,NA,NA,NA,NA,0.3846,NA,NA,NA,NA,"night",6,1,0,2019-06-01 07:11:00,2019-06-01 00:11:00,1559347860,2019,152,"6","2019","400-500m"
"86","CN19Sc13_10_eDNA_JJ",0.11830478450746,-0.000451446714285264,0.101299135229119,"CN19Sc13_10_eDNA",12,"JJ","JJ30","6/1/19 6:15","06-01 transition","CN19S",45,"WESTERN FLYER",NA,"CTD",13,"MARS",10,-122.1957,36.7063,"environmental","JJ,KK,LL","12S,COI,18S","Tube Extracts (racks E-G),Filters (racks A-D)",NA,"CTD",NA,46.7,"CANON",21.194,0.0382,25.9217,47.052,NA,NA,NA,NA,9.9735,33.6737,NA,NA,NA,NA,NA,0.4538,NA,NA,NA,NA,"transition",6,1,6,2019-06-01 13:15:00,2019-06-01 06:15:00,1559369700,2019,152,"6","2019","0-50m"
"87","CN19Sc13_7_eDNA_JJ",-0.0380304209573638,0.0567510360033989,0.0787160992346483,"CN19Sc13_07_eDNA",12,"JJ","JJ31","6/1/19 6:15","06-01 transition","CN19S",150,"WESTERN FLYER",NA,"CTD",13,"MARS",7,-122.1957,36.7063,"environmental","JJ,KK,LL","12S,COI,18S","Tube Extracts (racks E-G),Filters (racks A-D)",NA,"CTD",NA,149.874,"CANON",29.12,0.0339,26.4368,151.042,NA,NA,NA,NA,8.5111,34.0294,NA,NA,NA,NA,NA,0.3472,NA,NA,NA,NA,"transition",6,1,6,2019-06-01 13:15:00,2019-06-01 06:15:00,1559369700,2019,152,"6","2019","100-200m"
"88","CN19Sc13_5_eDNA_JJ",-0.0512280757425109,0.0241765967922577,0.0949532352211514,"CN19Sc13_05_eDNA",12,"JJ","JJ33","6/1/19 6:15","06-01 transition","CN19S",280,"WESTERN FLYER",NA,"CTD",13,"MARS",5,-122.1957,36.7063,"environmental","JJ,KK,LL","12S,COI,18S","Tube Extracts (racks E-G),Filters (racks A-D)",NA,"CTD",NA,281.699,"CANON",34.61,0.0336,26.6927,283.985,NA,NA,NA,NA,7.2886,34.1244,NA,NA,NA,NA,NA,0.3398,NA,NA,NA,NA,"transition",6,1,6,2019-06-01 13:15:00,2019-06-01 06:15:00,1559369700,2019,152,"6","2019","200-300m"
"89","CN19Sc15_10_eDNA_JJ",-0.0033549012095068,0.0645601949899356,0.187150251553049,"CN19Sc15_10_eDNA",12,"JJ","JJ36","6/1/19 12:11","06-01 day","CN19S",45,"WESTERN FLYER",NA,"CTD",15,"MARS",10,-122.1982,36.7122,"environmental","JJ,KK,LL","12S,COI,18S","Tube Extracts (racks E-G),Filters (racks A-D)",NA,"CTD",NA,46.943,"CANON",21.519,0.0372,25.9264,47.297,NA,NA,NA,NA,9.9964,33.6847,NA,NA,NA,NA,NA,0.4295,NA,NA,NA,NA,"day",6,1,12,2019-06-01 19:11:00,2019-06-01 12:11:00,1559391060,2019,152,"6","2019","0-50m"
"90","CN19Sc15_9_eDNA_JJ",-0.0372469268033666,-0.168775342303703,0.0252781552380613,"CN19Sc15_09_eDNA",12,"JJ","JJ37","6/1/19 12:11","06-01 day","CN19S",80,"WESTERN FLYER",NA,"CTD",15,"MARS",9,-122.1982,36.7122,"environmental","JJ,KK,LL","12S,COI,18S","Tube Extracts (racks E-G),Filters (racks A-D)",NA,"CTD",NA,80.83,"CANON",24.973,0.0345,26.1534,81.446,NA,NA,NA,NA,9.3837,33.8447,NA,NA,NA,NA,NA,0.3615,NA,NA,NA,NA,"day",6,1,12,2019-06-01 19:11:00,2019-06-01 12:11:00,1559391060,2019,152,"6","2019","50-100m"
"91","CN19Sc15_7_eDNA_JJ",-0.0384875726745927,-0.15909248921979,0.0139229262992376,"CN19Sc15_07_eDNA",12,"JJ","JJ38","6/1/19 12:11","06-01 day","CN19S",150,"WESTERN FLYER",NA,"CTD",15,"MARS",7,-122.1982,36.7122,"environmental","JJ,KK,LL","12S,COI,18S","Tube Extracts (racks E-G),Filters (racks A-D)",NA,"CTD",NA,150.494,"CANON",29.56,0.0343,26.4326,151.667,NA,NA,NA,NA,8.5264,34.0269,NA,NA,NA,NA,NA,0.3578,NA,NA,NA,NA,"day",6,1,12,2019-06-01 19:11:00,2019-06-01 12:11:00,1559391060,2019,152,"6","2019","100-200m"
"92","CN19Sc15_5_eDNA_JJ",0.0547451809757854,0.0722333171828083,0.126323992958312,"CN19Sc15_05_eDNA",12,"JJ","JJ39","6/1/19 12:11","06-01 day","CN19S",280,"WESTERN FLYER",NA,"CTD",15,"MARS",5,-122.1982,36.7122,"environmental","JJ,KK,LL","12S,COI,18S","Tube Extracts (racks E-G),Filters (racks A-D)",NA,"CTD",NA,281.404,"CANON",34.553,0.0336,26.7043,283.687,NA,NA,NA,NA,7.2554,34.1332,NA,NA,NA,NA,NA,0.3404,NA,NA,NA,NA,"day",6,1,12,2019-06-01 19:11:00,2019-06-01 12:11:00,1559391060,2019,152,"6","2019","200-300m"
"93","CN19Sc15_4_eDNA_JJ",-0.136643809473808,0.046407988398331,-0.0142945826464914,"CN19Sc15_04_eDNA",12,"JJ","JJ40","6/1/19 12:11","06-01 day","CN19S",400,"WESTERN FLYER",NA,"CTD",15,"MARS",4,-122.1982,36.7122,"environmental","JJ,KK,LL","12S,COI,18S","Tube Extracts (racks E-G),Filters (racks A-D)",NA,"CTD",NA,400.586,"CANON",35.029,0.0354,26.8665,403.954,NA,NA,NA,NA,6.427,34.1952,NA,NA,NA,NA,NA,0.384,NA,NA,NA,NA,"day",6,1,12,2019-06-01 19:11:00,2019-06-01 12:11:00,1559391060,2019,152,"6","2019","300-400m"
"94","CN19Sc16_10_eDNA_JJ",-0.0538543456514608,-0.178222502838195,-0.0155506791126485,"CN19Sc16_10_eDNA",12,"JJ","JJ45","6/1/19 18:03","06-01 transition","CN19S",45,"WESTERN FLYER",NA,"CTD",16,"MARS",10,-122.198,36.7122,"environmental","JJ,KK,LL","12S,COI,18S","Filters (racks A-D),Tube Extracts (racks E-G)",NA,"CTD",NA,45.532,"CANON",18.767,0.0399,25.8259,45.875,NA,NA,NA,NA,10.1326,33.5854,NA,NA,NA,NA,NA,0.498,NA,NA,NA,NA,"transition",6,1,18,2019-06-02 01:03:00,2019-06-01 18:03:00,1559412180,2019,152,"6","2019","0-50m"
"95","CN19Sc16_9_eDNA_JJ",0.0349116521776205,0.0865494054397109,0.00339667944301657,"CN19Sc16_09_eDNA",12,"JJ","JJ46","6/1/19 18:03","06-01 transition","CN19S",80,"WESTERN FLYER",NA,"CTD",16,"MARS",9,-122.198,36.7122,"environmental","JJ,KK,LL","12S,COI,18S","Filters (racks A-D),Tube Extracts (racks E-G)",NA,"CTD",NA,79.948,"CANON",23.785,0.0342,26.0948,80.557,NA,NA,NA,NA,9.542,33.8029,NA,NA,NA,NA,NA,0.3535,NA,NA,NA,NA,"transition",6,1,18,2019-06-02 01:03:00,2019-06-01 18:03:00,1559412180,2019,152,"6","2019","50-100m"
"96","CN19Sc16_5_eDNA_JJ",-0.0337285979313506,0.0232376396327329,0.0157877469533341,"CN19Sc16_05_eDNA",12,"JJ","JJ47","6/1/19 18:03","06-01 transition","CN19S",280,"WESTERN FLYER",NA,"CTD",16,"MARS",5,-122.198,36.7122,"environmental","JJ,KK,LL","12S,COI,18S","Filters (racks A-D),Tube Extracts (racks E-G)",NA,"CTD",NA,279.867,"CANON",34.263,0.0336,26.6616,282.137,NA,NA,NA,NA,7.5075,34.1242,NA,NA,NA,NA,NA,0.3404,NA,NA,NA,NA,"transition",6,1,18,2019-06-02 01:03:00,2019-06-01 18:03:00,1559412180,2019,152,"6","2019","200-300m"
"97","CN19Sc18_12_eDNA_JJ",-0.155895784754585,0.0541688674860161,-0.0613272804968898,"CN19Sc18_12_eDNA",12,"JJ","JJ48","6/2/19 0:08","06-02 night","CN19S",0,"WESTERN FLYER",NA,"CTD",18,"MARS",12,-122.1983,36.7132,"environmental","JJ,KK,LL","12S,COI,18S","Tube Extracts (racks E-G),Filters (racks A-D)",NA,"CTD",NA,1.808,"CANON",0.81,0.1721,24.7864,1.821,NA,NA,NA,NA,12.9758,32.9196,NA,NA,NA,NA,NA,3.8028,NA,NA,NA,NA,"night",6,2,0,2019-06-02 07:08:00,2019-06-02 00:08:00,1559434080,2019,153,"6","2019","0-50m"
"98","CN19Sc18_10_eDNA_JJ",0.0273730983520787,-0.117373229425713,-0.0727209758536578,"CN19Sc18_10_eDNA",12,"JJ","JJ49","6/2/19 0:08","06-02 night","CN19S",45,"WESTERN FLYER",NA,"CTD",18,"MARS",10,-122.1983,36.7132,"environmental","JJ,KK,LL","12S,COI,18S","Filters (racks A-D),Tube Extracts (racks E-G)",NA,"CTD",NA,45.678,"CANON",20.649,0.0372,25.9006,46.022,NA,NA,NA,NA,9.9569,33.6431,NA,NA,NA,NA,NA,0.4295,NA,NA,NA,NA,"night",6,2,0,2019-06-02 07:08:00,2019-06-02 00:08:00,1559434080,2019,153,"6","2019","0-50m"
"99","CN19Sc18_9_eDNA_JJ",0.0382248116524639,-0.194768497366432,-0.0894832805286119,"CN19Sc18_09_eDNA",12,"JJ","JJ50","6/2/19 0:08","06-02 night","CN19S",80,"WESTERN FLYER",NA,"CTD",18,"MARS",9,-122.1983,36.7132,"environmental","JJ,KK,LL","12S,COI,18S","Filters (racks A-D),Tube Extracts (racks E-G)",NA,"CTD",NA,80.341,"CANON",24.566,0.0354,26.1352,80.953,NA,NA,NA,NA,9.4251,33.8301,NA,NA,NA,NA,NA,0.3846,NA,NA,NA,NA,"night",6,2,0,2019-06-02 07:08:00,2019-06-02 00:08:00,1559434080,2019,153,"6","2019","50-100m"
"100","CN19Sc18_8_eDNA_JJ",0.143917938981837,-0.17586672808392,-0.0210992286659341,"CN19Sc18_08_eDNA",12,"JJ","JJ51","6/2/19 0:08","06-02 night","CN19S",100,"WESTERN FLYER",NA,"CTD",18,"MARS",8,-122.1983,36.7132,"environmental","JJ,KK,LL","12S,COI,18S","Filters (racks A-D),Tube Extracts (racks E-G)",NA,"CTD",NA,100.26,"CANON",26.63,0.0339,26.2593,101.029,NA,NA,NA,NA,9.1544,33.9325,NA,NA,NA,NA,NA,0.3472,NA,NA,NA,NA,"night",6,2,0,2019-06-02 07:08:00,2019-06-02 00:08:00,1559434080,2019,153,"6","2019","50-100m"
"101","CN19Sc18_7_eDNA_JJ",-0.0268413658553335,0.0606450717801235,-0.0154256922424573,"CN19Sc18_07_eDNA",12,"JJ","JJ52","6/2/19 0:08","06-02 night","CN19S",150,"WESTERN FLYER",NA,"CTD",18,"MARS",7,-122.1983,36.7132,"environmental","JJ,KK,LL","12S,COI,18S","Filters (racks A-D),Tube Extracts (racks E-G)",NA,"CTD",NA,150.033,"CANON",24.923,0.0344,26.4214,151.202,NA,NA,NA,NA,8.5583,34.0189,NA,NA,NA,NA,NA,0.3591,NA,NA,NA,NA,"night",6,2,0,2019-06-02 07:08:00,2019-06-02 00:08:00,1559434080,2019,153,"6","2019","100-200m"
"102","CN19Sc18_5_eDNA_JJ",0.0895671775276672,-0.0271765539543673,-0.112399905488275,"CN19Sc18_05_eDNA",12,"JJ","JJ53","6/2/19 0:08","06-02 night","CN19S",280,"WESTERN FLYER",NA,"CTD",18,"MARS",5,-122.1983,36.7132,"environmental","JJ,KK,LL","12S,COI,18S","Filters (racks A-D),Tube Extracts (racks E-G)",NA,"CTD",NA,280.554,"CANON",33.932,0.0346,26.6892,282.83,NA,NA,NA,NA,7.3464,34.1302,NA,NA,NA,NA,NA,0.3647,NA,NA,NA,NA,"night",6,2,0,2019-06-02 07:08:00,2019-06-02 00:08:00,1559434080,2019,153,"6","2019","200-300m"
"103","CN19Sc18_4_eDNA_JJ",0.121214245635426,-0.0141053089295542,-0.090589368927566,"CN19Sc18_04_eDNA",12,"JJ","JJ54","6/2/19 0:08","06-02 night","CN19S",400,"WESTERN FLYER",NA,"CTD",18,"MARS",4,-122.1983,36.7132,"environmental","JJ,KK,LL","12S,COI,18S","Filters (racks A-D),Tube Extracts (racks E-G)",NA,"CTD",NA,399.024,"CANON",38.978,0.036,26.8389,402.378,NA,NA,NA,NA,6.5839,34.1864,NA,NA,NA,NA,NA,0.4008,NA,NA,NA,NA,"night",6,2,0,2019-06-02 07:08:00,2019-06-02 00:08:00,1559434080,2019,153,"6","2019","300-400m"
"104","CN19Sc18_3_eDNA_JJ",-0.0555173080845655,0.022928786052705,-0.111142282368494,"CN19Sc18_03_eDNA",12,"JJ","JJ55","6/2/19 0:08","06-02 night","CN19S",500,"WESTERN FLYER",NA,"CTD",18,"MARS",3,-122.1983,36.7132,"environmental","JJ,KK,LL","12S,COI,18S","Filters (racks A-D),Tube Extracts (racks E-G)",NA,"CTD",NA,500.038,"CANON",39.133,0.0359,26.9562,504.364,NA,NA,NA,NA,5.9161,34.2249,NA,NA,NA,NA,NA,0.3977,NA,NA,NA,NA,"night",6,2,0,2019-06-02 07:08:00,2019-06-02 00:08:00,1559434080,2019,153,"6","2019","400-500m"
"105","CN19Sc20_6_eDNA_JJ",0.0215724326000671,0.0465409570121131,0.146387800434359,"CN19Sc20_06_eDNA",12,"JJ","JJ60","6/2/19 6:04","06-02 transition","CN19S",225,"WESTERN FLYER",NA,"CTD",20,"MARS",6,-122.1982,36.7122,"environmental","JJ,KK,LL","12S,COI,18S","Filters (racks A-D),Tube Extracts (racks E-G)",NA,"CTD",NA,222.634,"CANON",NA,0.035,26.5727,224.409,NA,NA,NA,NA,7.9241,34.0888,NA,NA,NA,NA,NA,0.3752,NA,NA,NA,NA,"transition",6,2,6,2019-06-02 13:04:00,2019-06-02 06:04:00,1559455440,2019,153,"6","2019","200-300m"
"106","CN19Sc21_12_eDNA_JJ",-0.0680431625685454,-0.164492434258991,-0.00703418087232673,"CN19Sc21_12_eDNA",12,"JJ","JJ61","6/2/19 12:05","06-02 day","CN19S",0,"WESTERN FLYER",NA,"CTD",21,"MARS",12,-122.198,36.7125,"environmental","JJ,KK,LL","12S,COI,18S","Filters (racks A-D),Tube Extracts (racks E-G)",NA,"CTD",NA,2.594,"CANON",0.411,0.0636,24.4947,2.613,NA,NA,NA,NA,13.6262,32.7103,NA,NA,NA,NA,NA,1.0898,NA,NA,NA,NA,"day",6,2,12,2019-06-02 19:05:00,2019-06-02 12:05:00,1559477100,2019,153,"6","2019","0-50m"
"107","CN19Sc21_10_eDNA_JJ",-0.055443323189293,0.0106758966859982,-0.00452314232302446,"CN19Sc21_10_eDNA",12,"JJ","JJ62","6/2/19 12:05","06-02 day","CN19S",55,"WESTERN FLYER",NA,"CTD",21,"MARS",10,-122.198,36.7125,"environmental","JJ,KK,LL","12S,COI,18S","Tube Extracts (racks E-G),Filters (racks A-D)",NA,"CTD",NA,55.333,"CANON",24.209,0.0366,25.9822,55.751,NA,NA,NA,NA,9.8563,33.7259,NA,NA,NA,NA,NA,0.4158,NA,NA,NA,NA,"day",6,2,12,2019-06-02 19:05:00,2019-06-02 12:05:00,1559477100,2019,153,"6","2019","50-100m"
"108","CN19Sc21_9_eDNA_JJ",-0.0688192919151138,-0.143209478534655,0.0237511421517267,"CN19Sc21_09_eDNA",12,"JJ","JJ63","6/2/19 12:05","06-02 day","CN19S",80,"WESTERN FLYER",NA,"CTD",21,"MARS",9,-122.198,36.7125,"environmental","JJ,KK,LL","12S,COI,18S","Filters (racks A-D),Tube Extracts (racks E-G)",NA,"CTD",NA,79.791,"CANON",26.226,0.0355,26.1165,80.399,NA,NA,NA,NA,9.4948,33.8207,NA,NA,NA,NA,NA,0.3889,NA,NA,NA,NA,"day",6,2,12,2019-06-02 19:05:00,2019-06-02 12:05:00,1559477100,2019,153,"6","2019","50-100m"
"109","CN19Sc21_5_eDNA_JJ",-0.0193723923653887,0.0156833975534248,-0.0555616819688938,"CN19Sc21_05_eDNA",12,"JJ","JJ66","6/2/19 12:05","06-02 day","CN19S",300,"WESTERN FLYER",NA,"CTD",21,"MARS",5,-122.198,36.7125,"environmental","JJ,KK,LL","12S,COI,18S","Filters (racks A-D),Tube Extracts (racks E-G)",NA,"CTD",NA,300.985,"CANON",36.957,0.0351,26.7198,303.443,NA,NA,NA,NA,7.2001,34.1428,NA,NA,NA,NA,NA,0.3784,NA,NA,NA,NA,"day",6,2,12,2019-06-02 19:05:00,2019-06-02 12:05:00,1559477100,2019,153,"6","2019","200-300m"
"110","CN19Sc21_4_eDNA_JJ",0.0921425689984572,0.00768280877628095,-0.0696188005350771,"CN19Sc21_04_eDNA",12,"JJ","JJ67","6/2/19 12:05","06-02 day","CN19S",400,"WESTERN FLYER",NA,"CTD",21,"MARS",4,-122.198,36.7125,"environmental","JJ,KK,LL","12S,COI,18S","Tube Extracts (racks E-G),Filters (racks A-D)",NA,"CTD",NA,401.098,"CANON",39.228,0.036,26.8375,404.471,NA,NA,NA,NA,6.6022,34.1876,NA,NA,NA,NA,NA,0.3996,NA,NA,NA,NA,"day",6,2,12,2019-06-02 19:05:00,2019-06-02 12:05:00,1559477100,2019,153,"6","2019","300-400m"
"111","CN19Sc21_3_eDNA_JJ",0.184976627741366,0.098983328712666,-0.113511547336177,"CN19Sc21_03_eDNA",12,"JJ","JJ68","6/2/19 12:05","06-02 day","CN19S",500,"WESTERN FLYER",NA,"CTD",21,"MARS",3,-122.198,36.7125,"environmental","JJ,KK,LL","12S,COI,18S","Filters (racks A-D),Tube Extracts (racks E-G)",NA,"CTD",NA,500.869,"CANON",42.233,0.0378,26.9614,505.204,NA,NA,NA,NA,5.9037,34.2295,NA,NA,NA,NA,NA,0.4432,NA,NA,NA,NA,"day",6,2,12,2019-06-02 19:05:00,2019-06-02 12:05:00,1559477100,2019,153,"6","2019","400-500m"
"112","CN19Sc23_10_eDNA_JJ",0.161217027551007,0.1214117846639,-0.129968460501453,"CN19Sc23_10_eDNA",12,"JJ","JJ72","6/2/19 18:02","06-02 transition","CN19S",55,"WESTERN FLYER",NA,"CTD",23,"MARS",10,-122.1983,36.712,"environmental","JJ,KK,LL","12S,COI,18S","Tube Extracts (racks E-G),Filters (racks A-D)",NA,"CTD",NA,53.978,"CANON",18.393,0.0396,25.8793,54.386,NA,NA,NA,NA,10.023,33.6298,NA,NA,NA,NA,NA,0.4905,NA,NA,NA,NA,"transition",6,2,18,2019-06-03 01:02:00,2019-06-02 18:02:00,1559498520,2019,153,"6","2019","50-100m"
"113","CN19Sc23_8_eDNA_JJ",-0.0839290334483108,0.0331138197397612,-0.0146097555344342,"CN19Sc23_08_eDNA",12,"JJ","JJ73","6/2/19 18:02","06-02 transition","CN19S",115,"WESTERN FLYER",NA,"CTD",23,"MARS",8,-122.1983,36.712,"environmental","JJ,KK,LL","12S,COI,18S","Tube Extracts (racks E-G),Filters (racks A-D)",NA,"CTD",NA,114.464,"CANON",24.093,0.0353,26.2979,115.346,NA,NA,NA,NA,9.0438,33.9589,NA,NA,NA,NA,NA,0.3827,NA,NA,NA,NA,"transition",6,2,18,2019-06-03 01:02:00,2019-06-02 18:02:00,1559498520,2019,153,"6","2019","100-200m"
"114","CN19Sc23_6_eDNA_JJ",-0.00437218688586988,0.0641228573940758,-0.110788068836604,"CN19Sc23_06_eDNA",12,"JJ","JJ74","6/2/19 18:02","06-02 transition","CN19S",250,"WESTERN FLYER",NA,"CTD",23,"MARS",6,-122.1983,36.712,"environmental","JJ,KK,LL","12S,COI,18S","Tube Extracts (racks E-G),Filters (racks A-D)",NA,"CTD",NA,250.892,"CANON",34.954,0.0363,26.6317,252.909,NA,NA,NA,NA,7.6416,34.1111,NA,NA,NA,NA,NA,0.4077,NA,NA,NA,NA,"transition",6,2,18,2019-06-03 01:02:00,2019-06-02 18:02:00,1559498520,2019,153,"6","2019","200-300m"
"115","CN19Sc25_12_eDNA_JJ",-0.0806080058517381,0.0798557187631196,-0.00368610215820295,"CN19Sc25_12_eDNA",12,"JJ","JJ75","6/3/19 0:13","06-03 night","CN19S",0,"WESTERN FLYER",NA,"CTD",25,"MARS",12,-122.199,36.712,"environmental","JJ,KK,LL","12S,COI,18S","Filters (racks A-D),Tube Extracts (racks E-G)",NA,"CTD",NA,2.537,"CANON",0.062,0.1205,24.4459,2.556,NA,NA,NA,NA,13.4483,32.6008,NA,NA,NA,NA,NA,2.5133,NA,NA,NA,NA,"night",6,3,0,2019-06-03 07:13:00,2019-06-03 00:13:00,1559520780,2019,154,"6","2019","0-50m"
"116","CN19Sc25_10_eDNA_JJ",0.0593328147261221,0.113756233756199,0.0919959458719873,"CN19Sc25_10_eDNA",12,"JJ","JJ76","6/3/19 0:13","06-03 night","CN19S",40,"WESTERN FLYER",NA,"CTD",25,"MARS",10,-122.199,36.712,"environmental","JJ,KK,LL","12S,COI,18S","Filters (racks A-D),Tube Extracts (racks E-G)",NA,"CTD",NA,39.817,"CANON",18.915,0.0415,25.7889,40.117,NA,NA,NA,NA,10.2923,33.573,NA,NA,NA,NA,NA,0.5379,NA,NA,NA,NA,"night",6,3,0,2019-06-03 07:13:00,2019-06-03 00:13:00,1559520780,2019,154,"6","2019","0-50m"
"117","CN19Sc25_9_eDNA_JJ",-0.1141450307258,0.0565307147560354,-0.0426892214163285,"CN19Sc25_09_eDNA",12,"JJ","JJ77","6/3/19 0:13","06-03 night","CN19S",80,"WESTERN FLYER",NA,"CTD",25,"MARS",9,-122.199,36.712,"environmental","JJ,KK,LL","12S,COI,18S","Tube Extracts (racks E-G),Filters (racks A-D)",NA,"CTD",NA,79.806,"CANON",25.857,0.0358,26.1138,80.415,NA,NA,NA,NA,9.4976,33.8179,NA,NA,NA,NA,NA,0.3952,NA,NA,NA,NA,"night",6,3,0,2019-06-03 07:13:00,2019-06-03 00:13:00,1559520780,2019,154,"6","2019","50-100m"
"118","CN19Sc25_5_eDNA_JJ",0.0307037669996522,0.081862684352345,0.119519035684062,"CN19Sc25_05_eDNA",12,"JJ","JJ80","6/3/19 0:13","06-03 night","CN19S",280,"WESTERN FLYER",NA,"CTD",25,"MARS",5,-122.199,36.712,"environmental","JJ,KK,LL","12S,COI,18S","Filters (racks A-D),Tube Extracts (racks E-G)",NA,"CTD",NA,279.487,"CANON",33.729,0.0357,26.6646,281.754,NA,NA,NA,NA,7.4644,34.1201,NA,NA,NA,NA,NA,0.3927,NA,NA,NA,NA,"night",6,3,0,2019-06-03 07:13:00,2019-06-03 00:13:00,1559520780,2019,154,"6","2019","200-300m"
"119","CN19Sc25_4_eDNA_JJ",0.0074337964535392,0.0940081315241894,-0.0128943920786036,"CN19Sc25_04_eDNA",12,"JJ","JJ81","6/3/19 0:13","06-03 night","CN19S",400,"WESTERN FLYER",NA,"CTD",25,"MARS",4,-122.199,36.712,"environmental","JJ,KK,LL","12S,COI,18S","Tube Extracts (racks E-G),Filters (racks A-D)",NA,"CTD",NA,400.462,"CANON",34.672,0.0366,26.8416,403.829,NA,NA,NA,NA,6.5633,34.1863,NA,NA,NA,NA,NA,0.4158,NA,NA,NA,NA,"night",6,3,0,2019-06-03 07:13:00,2019-06-03 00:13:00,1559520780,2019,154,"6","2019","300-400m"
"120","CN19Sc27_10_eDNA_JJ",0.0911787900264469,0.0802560860163704,0.0680335054598948,"CN19Sc27_10_eDNA",12,"JJ","JJ85","6/3/19 6:01","06-03 transition","CN19S",40,"WESTERN FLYER",NA,"CTD",27,"MARS",10,-122.1982,36.7122,"environmental","JJ,KK,LL","12S,COI,18S","Filters (racks A-D),Tube Extracts (racks E-G)",NA,"CTD",NA,40.586,"CANON",18.978,0.0421,25.7824,40.892,NA,NA,NA,NA,10.3176,33.5702,NA,NA,NA,NA,NA,0.5522,NA,NA,NA,NA,"transition",6,3,6,2019-06-03 13:01:00,2019-06-03 06:01:00,1559541660,2019,154,"6","2019","0-50m"
"121","CN19Sc27_6_eDNA_JJ",-0.0340082545619217,-0.170365435933447,0.112767341438463,"CN19Sc27_06_eDNA",12,"JJ","JJ86","6/3/19 6:01","06-03 transition","CN19S",215,"WESTERN FLYER",NA,"CTD",27,"MARS",6,-122.1982,36.7122,"environmental","JJ,KK,LL","12S,COI,18S","Filters (racks A-D),Tube Extracts (racks E-G)",NA,"CTD",NA,215.132,"CANON",28.266,0.0352,26.5393,216.843,NA,NA,NA,NA,8.0043,34.0615,NA,NA,NA,NA,NA,0.3808,NA,NA,NA,NA,"transition",6,3,6,2019-06-03 13:01:00,2019-06-03 06:01:00,1559541660,2019,154,"6","2019","200-300m"
"122","CN19Sc27_5_eDNA_JJ",-0.00216932511110253,0.0465393978840279,0.160546188728761,"CN19Sc27_05_eDNA",12,"JJ","JJ87","6/3/19 6:01","06-03 transition","CN19S",280,"WESTERN FLYER",NA,"CTD",27,"MARS",5,-122.1982,36.7122,"environmental","JJ,KK,LL","12S,COI,18S","Tube Extracts (racks E-G),Filters (racks A-D)",NA,"CTD",NA,280.709,"CANON",33.982,0.0358,26.6513,282.986,NA,NA,NA,NA,7.5305,34.1153,NA,NA,NA,NA,NA,0.3964,NA,NA,NA,NA,"transition",6,3,6,2019-06-03 13:01:00,2019-06-03 06:01:00,1559541660,2019,154,"6","2019","200-300m"
"123","CN19Sc22_8_eDNA_JJ",-0.0265593930745058,-0.00667151501443249,-0.0361065008639985,"CN19Sc22_08_eDNA",12,"JJ","JJ91","6/2/19 15:06","06-02 day","CN19S",55,"WESTERN FLYER",NA,"CTD",22,"OFFMARS_E",8,-122.164,36.7122,"environmental","JJ,KK,LL","12S,COI,18S","Tube Extracts (racks E-G),Filters (racks A-D)",NA,"CTD",NA,54.06,"CANON",24.515,0.0367,25.9331,54.468,NA,NA,NA,NA,9.9544,33.684,NA,NA,NA,NA,NA,0.4183,NA,NA,NA,NA,"day",6,2,15,2019-06-02 22:06:00,2019-06-02 15:06:00,1559487960,2019,153,"6","2019","50-100m"
"124","CN19Sc22_4_eDNA_JJ",-0.0707056045269015,0.00976168455161538,-0.0228429978155826,"CN19Sc22_04_eDNA",12,"JJ","JJ92","6/2/19 15:06","06-02 day","CN19S",115,"WESTERN FLYER",NA,"CTD",22,"OFFMARS_E",4,-122.164,36.7122,"environmental","JJ,KK,LL","12S,COI,18S","Filters (racks A-D),Tube Extracts (racks E-G)",NA,"CTD",NA,114.445,"CANON",27.722,0.0351,26.2713,115.327,NA,NA,NA,NA,9.0945,33.9353,NA,NA,NA,NA,NA,0.3765,NA,NA,NA,NA,"day",6,2,15,2019-06-02 22:06:00,2019-06-02 15:06:00,1559487960,2019,153,"6","2019","100-200m"
"125","CN19Sc22_2_eDNA_JJ",-0.0377649683273098,0.118655005690031,-0.045384166561675,"CN19Sc22_02_eDNA",12,"JJ","JJ93","6/2/19 15:06","06-02 day","CN19S",250,"WESTERN FLYER",NA,"CTD",22,"OFFMARS_E",2,-122.164,36.7122,"environmental","JJ,KK,LL","12S,COI,18S","Filters (racks A-D),Tube Extracts (racks E-G)",NA,"CTD",NA,250.159,"CANON",NA,0.0353,26.6141,252.17,NA,NA,NA,NA,7.7191,34.1029,NA,NA,NA,NA,NA,0.3833,NA,NA,NA,NA,"day",6,2,15,2019-06-02 22:06:00,2019-06-02 15:06:00,1559487960,2019,153,"6","2019","200-300m"
"126","CN19Sc39_03_eDNA_BI",0.0379023922926282,-0.162397406423709,-0.0537022833189831,"CN19Sc39_03_eDNA",12,"BI","BI39","6/4/19 15:07","06-04 day","CN19S",200,"WESTERN FLYER",NA,"CTD",39,"OFFMARS_E",3,-122.1863,36.7305,"environmental","AK","18S","Filters (racks A-D)",NA,"CTD",NA,200.509,"CANON",28.815,0.0354,26.4981,202.096,NA,NA,NA,NA,8.2521,34.0564,NA,NA,NA,NA,NA,0.3846,NA,NA,NA,NA,"day",6,4,15,2019-06-04 22:07:00,2019-06-04 15:07:00,1559660820,2019,155,"6","2019","100-200m"
"127","CN19Sc39_04_eDNA_BI",-0.0910645353795341,0.103615853933528,-0.081095098514735,"CN19Sc39_04_eDNA",12,"BI","BI40","6/4/19 15:07","06-04 day","CN19S",150,"WESTERN FLYER",NA,"CTD",39,"OFFMARS_E",4,-122.1863,36.7305,"environmental","AK","18S","Filters (racks A-D)",NA,"CTD",NA,150.438,"CANON",29.097,0.0366,26.4118,151.611,NA,NA,NA,NA,8.574,34.0098,NA,NA,NA,NA,NA,0.4158,NA,NA,NA,NA,"day",6,4,15,2019-06-04 22:07:00,2019-06-04 15:07:00,1559660820,2019,155,"6","2019","100-200m"
"128","CN19Sc39_05_eDNA_BI",-0.0393291191377338,0.0567974218609017,-0.0856506547295594,"CN19Sc39_05_eDNA",12,"BI","BI41","6/4/19 15:07","06-04 day","CN19S",130,"WESTERN FLYER",NA,"CTD",39,"OFFMARS_E",5,-122.1863,36.7305,"environmental","AK","18S","Filters (racks A-D)",NA,"CTD",NA,130.113,"CANON",28.607,0.0406,26.334,131.12,NA,NA,NA,NA,8.8493,33.9655,NA,NA,NA,NA,NA,0.5148,NA,NA,NA,NA,"day",6,4,15,2019-06-04 22:07:00,2019-06-04 15:07:00,1559660820,2019,155,"6","2019","100-200m"
"129","CN19Sc39_06_eDNA_BI",0.103898197616565,-0.0259781543013511,-0.0924072581596406,"CN19Sc39_06_eDNA",12,"BI","BI42","6/4/19 15:07","06-04 day","CN19S",100,"WESTERN FLYER",NA,"CTD",39,"OFFMARS_E",6,-122.1863,36.7305,"environmental","AK","18S","Filters (racks A-D)",NA,"CTD",NA,99.67,"CANON",25.667,0.0379,26.2077,100.435,NA,NA,NA,NA,9.262,33.8886,NA,NA,NA,NA,NA,0.4463,NA,NA,NA,NA,"day",6,4,15,2019-06-04 22:07:00,2019-06-04 15:07:00,1559660820,2019,155,"6","2019","50-100m"
"130","CN19Sc39_09_eDNA_BI",0.0129842197439142,0.0762784975579215,0.142202860378313,"CN19Sc39_09_eDNA",12,"BI","BI44","6/4/19 15:07","06-04 day","CN19S",40,"WESTERN FLYER",NA,"CTD",39,"OFFMARS_E",9,-122.1863,36.7305,"environmental","AK","18S","Filters (racks A-D)",NA,"CTD",NA,40.124,"CANON",20.208,0.042,25.7929,40.426,NA,NA,NA,NA,10.3175,33.5837,NA,NA,NA,NA,NA,0.5503,NA,NA,NA,NA,"day",6,4,15,2019-06-04 22:07:00,2019-06-04 15:07:00,1559660820,2019,155,"6","2019","0-50m"
"131","CN19Sc39_10_eDNA_BI",-0.0301433368645635,0.0633082663963696,0.0920448803063532,"CN19Sc39_10_eDNA",12,"BI","BI45","6/4/19 15:07","06-04 day","CN19S",25,"WESTERN FLYER",NA,"CTD",39,"OFFMARS_E",10,-122.1863,36.7305,"environmental","AK","18S","Filters (racks A-D)",NA,"CTD",NA,25.696,"CANON",12.381,0.0459,25.3879,25.888,NA,NA,NA,NA,11.4582,33.3232,NA,NA,NA,NA,NA,0.6475,NA,NA,NA,NA,"day",6,4,15,2019-06-04 22:07:00,2019-06-04 15:07:00,1559660820,2019,155,"6","2019","0-50m"
"132","CN19Sc39_03_eDNA_BJ",0.0326723495486413,-0.154574218821828,-0.0402823604818464,"CN19Sc39_03_eDNA",12,"BJ","BJ39","6/4/19 15:07","06-04 day","CN19S",200,"WESTERN FLYER",NA,"CTD",39,"OFFMARS_E",3,-122.1863,36.7305,"environmental","AK","18S","Filters (racks A-D)",NA,"CTD",NA,200.509,"CANON",28.815,0.0354,26.4981,202.096,NA,NA,NA,NA,8.2521,34.0564,NA,NA,NA,NA,NA,0.3846,NA,NA,NA,NA,"day",6,4,15,2019-06-04 22:07:00,2019-06-04 15:07:00,1559660820,2019,155,"6","2019","100-200m"
"133","CN19Sc39_04_eDNA_BJ",-0.1092182489056,0.0795410967662566,-0.0743345669161544,"CN19Sc39_04_eDNA",12,"BJ","BJ40","6/4/19 15:07","06-04 day","CN19S",150,"WESTERN FLYER",NA,"CTD",39,"OFFMARS_E",4,-122.1863,36.7305,"environmental","AK","18S","Filters (racks A-D)",NA,"CTD",NA,150.438,"CANON",29.097,0.0366,26.4118,151.611,NA,NA,NA,NA,8.574,34.0098,NA,NA,NA,NA,NA,0.4158,NA,NA,NA,NA,"day",6,4,15,2019-06-04 22:07:00,2019-06-04 15:07:00,1559660820,2019,155,"6","2019","100-200m"
"134","CN19Sc39_05_eDNA_BJ",-0.0373529491733495,0.0607367655498234,-0.102716831119334,"CN19Sc39_05_eDNA",12,"BJ","BJ41","6/4/19 15:07","06-04 day","CN19S",130,"WESTERN FLYER",NA,"CTD",39,"OFFMARS_E",5,-122.1863,36.7305,"environmental","AK","18S","Filters (racks A-D)",NA,"CTD",NA,130.113,"CANON",28.607,0.0406,26.334,131.12,NA,NA,NA,NA,8.8493,33.9655,NA,NA,NA,NA,NA,0.5148,NA,NA,NA,NA,"day",6,4,15,2019-06-04 22:07:00,2019-06-04 15:07:00,1559660820,2019,155,"6","2019","100-200m"
"135","CN19Sc39_06_eDNA_BJ",0.131208429317945,0.0494461499293498,-0.0952583116121279,"CN19Sc39_06_eDNA",12,"BJ","BJ42","6/4/19 15:07","06-04 day","CN19S",100,"WESTERN FLYER",NA,"CTD",39,"OFFMARS_E",6,-122.1863,36.7305,"environmental","AK","18S","Filters (racks A-D)",NA,"CTD",NA,99.67,"CANON",25.667,0.0379,26.2077,100.435,NA,NA,NA,NA,9.262,33.8886,NA,NA,NA,NA,NA,0.4463,NA,NA,NA,NA,"day",6,4,15,2019-06-04 22:07:00,2019-06-04 15:07:00,1559660820,2019,155,"6","2019","50-100m"
"136","CN19Sc39_09_eDNA_BJ",0.00479880384771079,0.0346834519019863,0.156778235254718,"CN19Sc39_09_eDNA",12,"BJ","BJ44","6/4/19 15:07","06-04 day","CN19S",40,"WESTERN FLYER",NA,"CTD",39,"OFFMARS_E",9,-122.1863,36.7305,"environmental","AK","18S","Filters (racks A-D)",NA,"CTD",NA,40.124,"CANON",20.208,0.042,25.7929,40.426,NA,NA,NA,NA,10.3175,33.5837,NA,NA,NA,NA,NA,0.5503,NA,NA,NA,NA,"day",6,4,15,2019-06-04 22:07:00,2019-06-04 15:07:00,1559660820,2019,155,"6","2019","0-50m"
"137","CN19Sc39_10_eDNA_BJ",0.00314663794822531,0.039159927464047,0.13435413469885,"CN19Sc39_10_eDNA",12,"BJ","BJ45","6/4/19 15:07","06-04 day","CN19S",25,"WESTERN FLYER",NA,"CTD",39,"OFFMARS_E",10,-122.1863,36.7305,"environmental","AK","18S","Filters (racks A-D)",NA,"CTD",NA,25.696,"CANON",12.381,0.0459,25.3879,25.888,NA,NA,NA,NA,11.4582,33.3232,NA,NA,NA,NA,NA,0.6475,NA,NA,NA,NA,"day",6,4,15,2019-06-04 22:07:00,2019-06-04 15:07:00,1559660820,2019,155,"6","2019","0-50m"
