#OTUID	per_tot	Kingdom	Phylum	Class	Order	Family	Genus	Species
ASV_50	99.92323353693135	Eukaryota	Chordata	Actinopteri	Beryciformes	Melamphaidae	Scopelogadus	s_
ASV_132	87.04346560791569	Eukaryota	Chordata	Actinopteri	Tetraodontiformes	Molidae	Mola	unassigned
ASV_13	99.31192102895767	Eukaryota	Chordata	Actinopteri	Myctophiformes	Myctophidae	Diaphus	Diaphus theta
ASV_33	93.4273276976333	Eukaryota	Chordata	Actinopteri	Pleuronectiformes	Pleuronectidae	Microstomus	Microstomus pacificus
ASV_8	99.8285959148693	Eukaryota	Chordata	Actinopteri	Myctophiformes	Myctophidae	Stenobrachius	Stenobrachius leucopsarus
ASV_10	75.32529167490607	Eukaryota	Chordata	Actinopteri	Argentiniformes	Bathylagidae	Leuroglossus	Leuroglossus schmidti
ASV_125	90.49380780686627	Eukaryota	Chordata	Actinopteri	Stomiiformes	Gonostomatidae	Cyclothone	Cyclothone acclinidens
ASV_270	95.849201635163	Eukaryota	Chordata	Actinopteri	Argentiniformes	Bathylagidae	Leuroglossus	Leuroglossus schmidti
ASV_210	99.8131958454756	Eukaryota	Chordata	Actinopteri	Gadiformes	Macrouridae	Malacocephalus	unassigned
ASV_70	99.81384584423425	Eukaryota	Chordata	Actinopteri	Lampriformes	Trachipteridae	Trachipterus	unassigned
ASV_163	99.5016077170418	Eukaryota	Chordata	Chondrichthyes	Chimaeriformes	Chimaeridae	Hydrolagus	Hydrolagus colliei
ASV_23	52.24121251209287	Eukaryota	Chordata	Actinopteri	Clupeiformes	Clupeidae	Sardinops	Sardinops melanostictus
ASV_407	79.23556519381947	Eukaryota	Chordata	Actinopteri	Argentiniformes	Argentinidae	g_	s_
ASV_28	44.393497290537724	Eukaryota	Chordata	Actinopteri	Myctophiformes	Myctophidae	Stenobrachius	Stenobrachius leucopsarus
ASV_21	69.89421281891724	Eukaryota	Chordata	Actinopteri	Perciformes	Sebastidae	Sebastes	unassigned
ASV_19	55.33256312922925	Eukaryota	Chordata	Actinopteri	Argentiniformes	Bathylagidae	Lipolagus	Lipolagus ochotensis
ASV_117	90.61797087723453	Eukaryota	Chordata	Actinopteri	Myctophiformes	Myctophidae	Stenobrachius	Stenobrachius leucopsarus
ASV_61	99.77860905412626	Eukaryota	Chordata	Actinopteri	Scombriformes	Centrolophidae	Icichthys	Icichthys lockingtoni
ASV_502	53.71752762018514	Eukaryota	Chordata	Mammalia	Cetacea	Ziphiidae	Ziphius	Ziphius cavirostris
ASV_45	23.258849120031638	Eukaryota	Chordata	Actinopteri	Tetraodontiformes	Molidae	Mola	unassigned
ASV_68	42.46420222092343	Eukaryota	Chordata	Actinopteri	Scombriformes	Scombridae	Scomber	unassigned
ASV_20	99.74765053950574	Eukaryota	Chordata	Actinopteri	Pleuronectiformes	Paralichthyidae	Citharichthys	Citharichthys sordidus
ASV_370	52.34180138568129	Eukaryota	Chordata	Actinopteri	Myctophiformes	Myctophidae	Diaphus	Diaphus theta
ASV_41	99.5580808080808	Eukaryota	Chordata	Actinopteri	Perciformes	Sebastidae	Sebastes	unassigned
ASV_599	67.98426618519474	Eukaryota	Chordata	Actinopteri	Alepocephaliformes	Platytroctidae	Sagamichthys	Sagamichthys abei
ASV_608	59.73679633601948	Eukaryota	Chordata	Actinopteri	Scombriformes	Centrolophidae	Icichthys	Icichthys lockingtoni
ASV_16	46.198614318706696	Eukaryota	Chordata	Actinopteri	Clupeiformes	Clupeidae	Sardinops	Sardinops melanostictus
ASV_636	45.8477675134719	Eukaryota	Chordata	Actinopteri	Argentiniformes	Bathylagidae	Leuroglossus	Leuroglossus schmidti
ASV_43	48.499866773248065	Eukaryota	Chordata	Actinopteri	Perciformes	Sebastidae	Sebastes	unassigned
ASV_162	53.46504924333414	Eukaryota	Chordata	Actinopteri	Pleuronectiformes	Pleuronectidae	Lyopsetta	Lyopsetta exilis
ASV_195	99.28536821705426	Eukaryota	Chordata	Actinopteri	Salmoniformes	Salmonidae	Oncorhynchus	Oncorhynchus tshawytscha
ASV_495	45.973645680819914	Eukaryota	Chordata	Actinopteri	Myctophiformes	Myctophidae	Stenobrachius	Stenobrachius leucopsarus
ASV_54	36.15708146658133	Eukaryota	Chordata	Actinopteri	Argentiniformes	Bathylagidae	Pseudobathylagus	Pseudobathylagus milleri
ASV_761	99.70137097868876	Eukaryota	Chordata	Actinopteri	Alepocephaliformes	Platytroctidae	Holtbyrnia	s_
ASV_764	95.93846984212658	Eukaryota	Chordata	Actinopteri	Argentiniformes	Bathylagidae	Lipolagus	Lipolagus ochotensis
ASV_245	32.18432842644235	Eukaryota	Chordata	Actinopteri	Myctophiformes	Myctophidae	Stenobrachius	Stenobrachius leucopsarus
ASV_785	18.84918492928857	Eukaryota	Chordata	Actinopteri	Argentiniformes	Bathylagidae	Pseudobathylagus	Pseudobathylagus milleri
ASV_436	98.93737602720317	Eukaryota	Chordata	Actinopteri	Myctophiformes	Myctophidae	Stenobrachius	Stenobrachius leucopsarus
ASV_11	38.14833032737607	Eukaryota	Chordata	Actinopteri	Clupeiformes	Clupeidae	Sardinops	Sardinops melanostictus
ASV_741	43.1978912176932	Eukaryota	Chordata	Actinopteri	Perciformes	Sebastidae	Sebastes	unassigned
ASV_802	21.086885779368693	Eukaryota	Chordata	Actinopteri	Argentiniformes	Bathylagidae	Lipolagus	Lipolagus ochotensis
ASV_691	26.857412491420728	Eukaryota	Chordata	Actinopteri	Myctophiformes	Neoscopelidae	Scopelengys	Scopelengys tristis
ASV_755	57.63446812436571	Eukaryota	Chordata	Actinopteri	Myctophiformes	Myctophidae	Stenobrachius	Stenobrachius leucopsarus
ASV_579	67.39889602343135	Eukaryota	Chordata	Actinopteri	Myctophiformes	Myctophidae	Stenobrachius	Stenobrachius leucopsarus
ASV_316	45.910209102091024	Eukaryota	Chordata	Chondrichthyes	Chimaeriformes	Chimaeridae	Hydrolagus	Hydrolagus colliei
ASV_670	44.557195571955724	Eukaryota	Chordata	Mammalia	Cetacea	Delphinidae	unassigned	unassigned
ASV_894	38.696438508625484	Eukaryota	Chordata	Actinopteri	Pleuronectiformes	Paralichthyidae	Citharichthys	Citharichthys sordidus
ASV_616	99.20163386557742	Eukaryota	Chordata	Actinopteri	Argentiniformes	Bathylagidae	Leuroglossus	Leuroglossus schmidti
ASV_943	21.476453118370813	Eukaryota	Chordata	Actinopteri	Argentiniformes	Bathylagidae	Lipolagus	Lipolagus ochotensis
ASV_925	32.79751101892663	Eukaryota	Chordata	Actinopteri	Myctophiformes	Myctophidae	Symbolophorus	Symbolophorus californiensis
ASV_985	82.82864267901674	Eukaryota	Chordata	Actinopteri	Lampriformes	Trachipteridae	Trachipterus	unassigned
ASV_992	18.74009347693558	Eukaryota	Chordata	Actinopteri	Myctophiformes	Myctophidae	Stenobrachius	Stenobrachius leucopsarus
ASV_997	29.49445447510962	Eukaryota	Chordata	Actinopteri	Alepocephaliformes	Platytroctidae	Sagamichthys	Sagamichthys abei
ASV_289	38.28557063851182	Eukaryota	Chordata	Mammalia	Cetacea	Balaenopteridae	Megaptera	Megaptera novaeangliae
ASV_515	17.770999719067305	Eukaryota	Chordata	Actinopteri	Argentiniformes	Bathylagidae	Leuroglossus	Leuroglossus schmidti
ASV_1023	16.363772343130655	Eukaryota	Chordata	Actinopteri	Stomiiformes	Stomiidae	Pachystomias	Pachystomias microdon
ASV_1031	6.3973614226923585	Eukaryota	Chordata	Actinopteri	Pleuronectiformes	Pleuronectidae	Microstomus	Microstomus pacificus
ASV_325	97.09000676742612	Eukaryota	Chordata	Mammalia	Cetacea	Balaenopteridae	Megaptera	Megaptera novaeangliae
ASV_717	94.29151624548736	Eukaryota	Chordata	Actinopteri	Myctophiformes	Myctophidae	Stenobrachius	Stenobrachius leucopsarus
ASV_62	16.516968095915463	Eukaryota	Chordata	Actinopteri	unknown	Sciaenidae	Genyonemus	Genyonemus lineatus
ASV_1085	17.619951206288967	Eukaryota	Chordata	Actinopteri	Argentiniformes	Argentinidae	g_	s_
ASV_1045	14.844955260721997	Eukaryota	Chordata	Actinopteri	Argentiniformes	Bathylagidae	Leuroglossus	Leuroglossus schmidti
ASV_852	15.755833905284833	Eukaryota	Chordata	Actinopteri	Perciformes	Sebastidae	Sebastes	unassigned
ASV_770	58.853914447134784	Eukaryota	Chordata	Actinopteri	Lampriformes	Lampridae	Lampris	Lampris guttatus
ASV_232	16.86799592490176	Eukaryota	Chordata	Actinopteri	Beloniformes	Belonidae	Cololabis	Cololabis saira
ASV_1066	24.696004632310363	Eukaryota	Chordata	Chondrichthyes	Chimaeriformes	Chimaeridae	Hydrolagus	Hydrolagus colliei
ASV_1162	45.51058697400161	Eukaryota	Chordata	Actinopteri	unknown	Sciaenidae	Genyonemus	Genyonemus lineatus
ASV_300	12.236995908825248	Eukaryota	Chordata	Mammalia	Cetacea	Delphinidae	unassigned	unassigned
ASV_1148	13.060575968222443	Eukaryota	Chordata	Actinopteri	Myctophiformes	Myctophidae	Diaphus	Diaphus theta
ASV_278	9.080201906898486	Eukaryota	Chordata	Actinopteri	Perciformes	Sebastidae	Sebastes	unassigned
ASV_644	77.09497206703911	Eukaryota	Chordata	Actinopteri	Myctophiformes	Myctophidae	Stenobrachius	Stenobrachius leucopsarus
ASV_1182	20.22579410639112	Eukaryota	Chordata	Actinopteri	Myctophiformes	Myctophidae	Diaphus	Diaphus theta
ASV_850	18.354840610453127	Eukaryota	Chordata	Actinopteri	Argentiniformes	Bathylagidae	Leuroglossus	Leuroglossus schmidti
ASV_1232	34.44218148902466	Eukaryota	Chordata	Actinopteri	Myctophiformes	Myctophidae	Stenobrachius	Stenobrachius leucopsarus
ASV_1261	70.5756422454805	Eukaryota	Chordata	Actinopteri	Salmoniformes	Salmonidae	Oncorhynchus	unassigned
ASV_1054	22.135007849293565	Eukaryota	Chordata	Actinopteri	Perciformes	Liparidae	Nectoliparis	Nectoliparis pelagicus
ASV_1264	7.536994581075448	Eukaryota	Chordata	Actinopteri	Myctophiformes	Myctophidae	Stenobrachius	Stenobrachius leucopsarus
ASV_1271	17.56124584513111	Eukaryota	Chordata	Actinopteri	Carangiformes	Carangidae	Trachurus	Trachurus symmetricus
ASV_1272	17.982927600379387	Eukaryota	Chordata	Actinopteri	Myctophiformes	Myctophidae	Stenobrachius	Stenobrachius leucopsarus
ASV_678	10.678292379119013	Eukaryota	Chordata	Actinopteri	Argentiniformes	Bathylagidae	Leuroglossus	Leuroglossus schmidti
ASV_1273	39.697056301800515	Eukaryota	Chordata	Actinopteri	Perciformes	Sebastidae	Sebastes	unassigned
ASV_689	42.1891767591599	Eukaryota	Chordata	Actinopteri	Perciformes	Sebastidae	Sebastes	unassigned
ASV_1298	45.125760315633734	Eukaryota	Chordata	Actinopteri	unknown	Sciaenidae	Genyonemus	Genyonemus lineatus
ASV_1121	44.9284892322867	Eukaryota	Chordata	Actinopteri	Perciformes	Sebastidae	Sebastes	unassigned
ASV_1036	34.993564993564995	Eukaryota	Chordata	Actinopteri	Myctophiformes	Myctophidae	Protomyctophum	unassigned
ASV_87	28.315686060473748	Eukaryota	Chordata	Actinopteri	Perciformes	Sebastidae	Sebastes	Sebastes paucispinis
ASV_1340	93.62329524511611	Eukaryota	Chordata	Actinopteri	Myctophiformes	Myctophidae	Stenobrachius	Stenobrachius leucopsarus
ASV_484	8.15539642938146	Eukaryota	Chordata	Actinopteri	Myctophiformes	Myctophidae	Tarletonbeania	Tarletonbeania crenularis
ASV_990	56.425339366515836	Eukaryota	Chordata	Actinopteri	Myctophiformes	Myctophidae	Stenobrachius	Stenobrachius leucopsarus
ASV_1101	8.04093084667437	Eukaryota	Chordata	Actinopteri	Perciformes	Sebastidae	Sebastes	unassigned
ASV_30	20.242608036391204	Eukaryota	Chordata	Actinopteri	Carangiformes	Carangidae	Trachurus	Trachurus symmetricus
ASV_15	24.08599916909015	Eukaryota	Chordata	Actinopteri	Perciformes	Sebastidae	unassigned	unassigned
ASV_223	24.16199640477953	Eukaryota	Chordata	Actinopteri	Argentiniformes	Argentinidae	g_	s_
ASV_1469	6.762815488321053	Eukaryota	Chordata	Actinopteri	Perciformes	Sebastidae	Sebastes	unassigned
ASV_1475	10.26270207852194	Eukaryota	Chordata	Actinopteri	Pleuronectiformes	Paralichthyidae	Citharichthys	Citharichthys sordidus
ASV_1481	10.224210931485759	Eukaryota	Chordata	Actinopteri	Argentiniformes	Bathylagidae	Leuroglossus	Leuroglossus schmidti
ASV_1477	12.443004559635229	Eukaryota	Chordata	Actinopteri	Myctophiformes	Myctophidae	Diaphus	Diaphus theta
ASV_1202	5.041892557910301	Eukaryota	Chordata	Actinopteri	Myctophiformes	Myctophidae	Diaphus	Diaphus theta
ASV_1463	7.833230484418389	Eukaryota	Chordata	Actinopteri	Argentiniformes	Bathylagidae	Leuroglossus	Leuroglossus schmidti
ASV_554	97.49877390877882	Eukaryota	Chordata	Actinopteri	Myctophiformes	Myctophidae	Nannobrachium	unassigned
ASV_1002	6.384640416531077	Eukaryota	Chordata	Actinopteri	Myctophiformes	Myctophidae	Diaphus	Diaphus theta
ASV_489	15.392570201256861	Eukaryota	Chordata	Actinopteri	Myctophiformes	Myctophidae	Lampanyctus	Lampanyctus tenuiformis
ASV_97	19.06665334266014	Eukaryota	Chordata	Actinopteri	Perciformes	Sebastidae	Sebastes	unassigned
ASV_1569	25.448941302599838	Eukaryota	Chordata	Actinopteri	unknown	Sciaenidae	Genyonemus	Genyonemus lineatus
ASV_1606	32.001414427157	Eukaryota	Chordata	Actinopteri	Argentiniformes	Bathylagidae	Lipolagus	Lipolagus ochotensis
ASV_825	23.318742538798247	Eukaryota	Chordata	Actinopteri	Myctophiformes	Myctophidae	Lampanyctus	Lampanyctus tenuiformis
ASV_1277	5.645948584445168	Eukaryota	Chordata	Actinopteri	Myctophiformes	Myctophidae	Stenobrachius	Stenobrachius leucopsarus
ASV_74	4.47279865395401	Eukaryota	Chordata	Actinopteri	Pleuronectiformes	Paralichthyidae	Citharichthys	Citharichthys stigmaeus
ASV_1716	13.525783793044372	Eukaryota	Chordata	Actinopteri	Scombriformes	Scombridae	Scomberomorus	unassigned
ASV_1212	16.643755947975045	Eukaryota	Chordata	Actinopteri	Perciformes	Sebastidae	Sebastes	unassigned
ASV_356	6.653919694072657	Eukaryota	Chordata	Actinopteri	Myctophiformes	Myctophidae	Stenobrachius	Stenobrachius leucopsarus
ASV_1704	4.948011222974088	Eukaryota	Chordata	Actinopteri	Perciformes	Sebastidae	Sebastes	unassigned
ASV_1779	10.45888824551245	Eukaryota	Chordata	Actinopteri	Pleuronectiformes	Pleuronectidae	Microstomus	Microstomus pacificus
ASV_1245	4.703746492820597	Eukaryota	Chordata	Actinopteri	Perciformes	Sebastidae	Sebastes	unassigned
ASV_1729	93.4095494283793	Eukaryota	Chordata	Actinopteri	Myctophiformes	Myctophidae	Stenobrachius	Stenobrachius leucopsarus
ASV_2	10.990146217418944	Eukaryota	Chordata	Actinopteri	Gadiformes	Macrouridae	Coryphaenoides	unassigned
ASV_1801	21.990777548099857	Eukaryota	Chordata	Actinopteri	Myctophiformes	Myctophidae	Diaphus	Diaphus theta
ASV_1789	5.621414913957936	Eukaryota	Chordata	Actinopteri	Perciformes	Sebastidae	Sebastes	unassigned
ASV_1878	12.115766575238816	Eukaryota	Chordata	Actinopteri	Argentiniformes	Bathylagidae	Leuroglossus	Leuroglossus schmidti
ASV_1362	24.364694471387	Eukaryota	Chordata	Actinopteri	Myctophiformes	Myctophidae	Stenobrachius	Stenobrachius leucopsarus
ASV_78	3.042624789680314	Eukaryota	Chordata	Actinopteri	Pleuronectiformes	Paralichthyidae	Citharichthys	Citharichthys stigmaeus
ASV_283	9.187887130075707	Eukaryota	Chordata	Actinopteri	Perciformes	Sebastidae	Sebastes	unassigned
ASV_1280	6.7215452424163855	Eukaryota	Chordata	Mammalia	Cetacea	Delphinidae	Grampus	Grampus griseus
ASV_2071	3.3833966000990263	Eukaryota	Chordata	Actinopteri	Argentiniformes	Bathylagidae	Lipolagus	Lipolagus ochotensis
ASV_1944	10.011978438810141	Eukaryota	Chordata	Actinopteri	Myctophiformes	Myctophidae	Diaphus	Diaphus theta
ASV_1784	5.952234396159055	Eukaryota	Chordata	Actinopteri	Myctophiformes	Myctophidae	Stenobrachius	Stenobrachius leucopsarus
ASV_1952	2.574759797041995	Eukaryota	Chordata	Actinopteri	Argentiniformes	Bathylagidae	Leuroglossus	Leuroglossus schmidti
ASV_2141	8.475631447883316	Eukaryota	Chordata	Actinopteri	Myctophiformes	Myctophidae	Stenobrachius	Stenobrachius leucopsarus
ASV_864	78.32225913621262	Eukaryota	Chordata	Actinopteri	unknown	Moronidae	Morone	Morone saxatilis
ASV_2243	6.707448722562074	Eukaryota	Chordata	Actinopteri	Myctophiformes	Myctophidae	Lampanyctus	Lampanyctus tenuiformis
ASV_2237	4.966227438821836	Eukaryota	Chordata	Actinopteri	Argentiniformes	Bathylagidae	Leuroglossus	Leuroglossus schmidti
ASV_2214	4.049717514124294	Eukaryota	Chordata	Actinopteri	Myctophiformes	Myctophidae	Stenobrachius	Stenobrachius leucopsarus
ASV_1478	5.646863209055446	Eukaryota	Chordata	Mammalia	Cetacea	Ziphiidae	Berardius	Berardius bairdii
ASV_2320	4.972596483215346	Eukaryota	Chordata	Mammalia	Cetacea	Ziphiidae	Ziphius	Ziphius cavirostris
ASV_2339	92.50814332247556	Eukaryota	Chordata	Actinopteri	Myctophiformes	Myctophidae	Lampanyctus	Lampanyctus tenuiformis
ASV_639	5.344470263141368	Eukaryota	Chordata	Actinopteri	Myctophiformes	Myctophidae	Nannobrachium	unassigned
ASV_1628	12.05318844724049	Eukaryota	Chordata	Actinopteri	Argentiniformes	Bathylagidae	Leuroglossus	Leuroglossus schmidti
ASV_645	12.252042007001167	Eukaryota	Chordata	Actinopteri	Argentiniformes	Bathylagidae	Leuroglossus	Leuroglossus schmidti
ASV_1382	13.628872775214237	Eukaryota	Chordata	Actinopteri	Perciformes	Sebastidae	Sebastes	unassigned
ASV_2383	4.830117201373269	Eukaryota	Chordata	Actinopteri	Myctophiformes	Myctophidae	Stenobrachius	Stenobrachius leucopsarus
ASV_1816	8.765418622421132	Eukaryota	Chordata	Chondrichthyes	Chimaeriformes	Chimaeridae	Hydrolagus	Hydrolagus colliei
ASV_2403	6.165436654366544	Eukaryota	Chordata	Chondrichthyes	Chimaeriformes	Chimaeridae	Hydrolagus	Hydrolagus colliei
ASV_2490	6.2715072264280805	Eukaryota	Chordata	Actinopteri	Perciformes	Sebastidae	Sebastes	unassigned
ASV_2134	2.8497929981108565	Eukaryota	Chordata	Actinopteri	Myctophiformes	Myctophidae	Stenobrachius	Stenobrachius leucopsarus
ASV_2608	2.3025051535585757	Eukaryota	Chordata	Actinopteri	Argentiniformes	Bathylagidae	Leuroglossus	Leuroglossus schmidti
ASV_2066	11.813773035887488	Eukaryota	Chordata	Actinopteri	Myctophiformes	Myctophidae	Diaphus	Diaphus theta
ASV_2745	3.876816253053877	Eukaryota	Chordata	Actinopteri	Perciformes	Sebastidae	Sebastes	unassigned
ASV_2432	3.4509293240203625	Eukaryota	Chordata	Actinopteri	Stomiiformes	Gonostomatidae	Cyclothone	Cyclothone signata
ASV_2794	1.8889932929397661	Eukaryota	Chordata	Actinopteri	Argentiniformes	Bathylagidae	Leuroglossus	Leuroglossus schmidti
ASV_2802	63.93063583815029	Eukaryota	Chordata	Actinopteri	Myctophiformes	Myctophidae	Diaphus	Diaphus theta
ASV_1336	2.1471284665088093	Eukaryota	Chordata	Actinopteri	Myctophiformes	Myctophidae	Stenobrachius	Stenobrachius leucopsarus
ASV_2913	3.8650839606253617	Eukaryota	Chordata	Actinopteri	Myctophiformes	Myctophidae	Stenobrachius	Stenobrachius leucopsarus
ASV_466	1.6921575008135372	Eukaryota	Chordata	Mammalia	Cetacea	Balaenopteridae	Balaenoptera	Balaenoptera musculus
ASV_2946	3.243755927916535	Eukaryota	Chordata	Actinopteri	Myctophiformes	Myctophidae	Stenobrachius	Stenobrachius leucopsarus
ASV_2822	1.6768443637563955	Eukaryota	Chordata	Actinopteri	Argentiniformes	Bathylagidae	Lipolagus	Lipolagus ochotensis
ASV_2969	3.648794530406621	Eukaryota	Chordata	Actinopteri	Myctophiformes	Myctophidae	Lampanyctus	Lampanyctus tenuiformis
ASV_2408	4.198210598761184	Eukaryota	Chordata	Actinopteri	Perciformes	Sebastidae	Sebastes	unassigned
ASV_2508	2.921766258699304	Eukaryota	Chordata	Actinopteri	Argentiniformes	Bathylagidae	Lipolagus	Lipolagus ochotensis
ASV_2479	68.61626248216834	Eukaryota	Chordata	Mammalia	Cetacea	Balaenopteridae	Megaptera	Megaptera novaeangliae
ASV_3052	7.59493670886076	Eukaryota	Chordata	Actinopteri	Myctophiformes	Myctophidae	Lampanyctus	Lampanyctus tenuiformis
ASV_3125	2.0384180790960453	Eukaryota	Chordata	Actinopteri	Myctophiformes	Myctophidae	Stenobrachius	Stenobrachius leucopsarus
ASV_3053	4.559617781470711	Eukaryota	Chordata	Actinopteri	Argentiniformes	Bathylagidae	Leuroglossus	Leuroglossus schmidti
ASV_3171	0.4562745546386181	Eukaryota	Chordata	Actinopteri	Tetraodontiformes	Molidae	Mola	unassigned
ASV_3268	7.338795867474173	Eukaryota	Chordata	Chondrichthyes	Squaliformes	Squalidae	Squalus	unassigned
ASV_1803	96.19047619047619	Eukaryota	Chordata	Mammalia	Cetacea	Delphinidae	Orcinus	Orcinus orca
ASV_3112	1.2576332728172965	Eukaryota	Chordata	Actinopteri	Argentiniformes	Bathylagidae	Lipolagus	Lipolagus ochotensis
ASV_3230	4.851994851994852	Eukaryota	Chordata	Actinopteri	Myctophiformes	Myctophidae	Diaphus	Diaphus theta
ASV_2492	1.1258278145695364	Eukaryota	Chordata	Actinopteri	Myctophiformes	Myctophidae	Stenobrachius	Stenobrachius leucopsarus
ASV_3310	2.780892576810944	Eukaryota	Chordata	Actinopteri	Myctophiformes	Myctophidae	Stenobrachius	Stenobrachius leucopsarus
ASV_3428	4.9718574108818014	Eukaryota	Chordata	Actinopteri	Myctophiformes	Myctophidae	Triphoturus	Triphoturus mexicanus
ASV_3407	3.0584883526059996	Eukaryota	Chordata	Mammalia	Cetacea	Balaenopteridae	Megaptera	Megaptera novaeangliae
ASV_1517	5.357142857142857	Eukaryota	Chordata	Chondrichthyes	Squaliformes	Squalidae	Squalus	unassigned
ASV_2846	1.1584770582492678	Eukaryota	Chordata	Actinopteri	Argentiniformes	Bathylagidae	Lipolagus	Lipolagus ochotensis
ASV_3300	2.9938059187887127	Eukaryota	Chordata	Actinopteri	Perciformes	Sebastidae	Sebastes	unassigned
ASV_1369	1.4713452299245025	Eukaryota	Chordata	Actinopteri	Perciformes	Sebastidae	Sebastes	unassigned
ASV_1791	84.91048593350384	Eukaryota	Chordata	Actinopteri	Argentiniformes	Argentinidae	g_	s_
ASV_3628	7.0646338844749845	Eukaryota	Chordata	Mammalia	Cetacea	Delphinidae	g_	s_
ASV_1718	3.054929991187702	Eukaryota	Chordata	Actinopteri	Myctophiformes	Myctophidae	Stenobrachius	Stenobrachius leucopsarus
ASV_3692	1.0298729163228255	Eukaryota	Chordata	Actinopteri	Perciformes	Sebastidae	Sebastes	unassigned
ASV_3726	0.37564735344890465	Eukaryota	Chordata	Actinopteri	Myctophiformes	Myctophidae	Diaphus	Diaphus theta
ASV_1524	2.0798553144129106	Eukaryota	Chordata	Actinopteri	Myctophiformes	Myctophidae	Stenobrachius	Stenobrachius leucopsarus
ASV_3803	1.8281423119537117	Eukaryota	Chordata	Actinopteri	Carangiformes	Carangidae	Trachurus	Trachurus symmetricus
ASV_3815	2.2601476014760147	Eukaryota	Chordata	Chondrichthyes	Chimaeriformes	Chimaeridae	Hydrolagus	Hydrolagus colliei
ASV_3827	1.3237553085750429	Eukaryota	Chordata	Actinopteri	Argentiniformes	Argentinidae	g_	s_
ASV_1393	92.38095238095238	Eukaryota	Chordata	Mammalia	Carnivora	Phocidae	Mirounga	Mirounga angustirostris
ASV_3859	6.098346575048314	Eukaryota	Chordata	Mammalia	Cetacea	Balaenopteridae	Megaptera	Megaptera novaeangliae
ASV_3524	2.798101641289302	Eukaryota	Chordata	Actinopteri	Scombriformes	Scombridae	Scomber	unassigned
ASV_3927	1.3135103926096998	Eukaryota	Chordata	Actinopteri	Argentiniformes	Bathylagidae	Leuroglossus	Leuroglossus schmidti
ASV_3992	1.18821722237282	Eukaryota	Chordata	Actinopteri	Argentiniformes	Argentinidae	g_	s_
ASV_447	3.4432908397949795	Eukaryota	Chordata	Mammalia	Carnivora	Otariidae	Zalophus	Zalophus californianus
ASV_3956	0.8183100799498353	Eukaryota	Chordata	Actinopteri	Myctophiformes	Myctophidae	Lampanyctus	Lampanyctus tenuiformis
ASV_4018	6.1607992388201716	Eukaryota	Chordata	Actinopteri	Salmoniformes	Salmonidae	Oncorhynchus	unassigned
ASV_4045	1.6201620162016201	Eukaryota	Chordata	Actinopteri	Perciformes	Sebastidae	Sebastes	unassigned
ASV_4142	1.427885769138469	Eukaryota	Chordata	Actinopteri	Argentiniformes	Bathylagidae	Lipolagus	Lipolagus ochotensis
ASV_1555	1.5780245470485097	Eukaryota	Chordata	Actinopteri	Argentiniformes	Bathylagidae	Leuroglossus	Leuroglossus schmidti
ASV_4394	0.6931836936788249	Eukaryota	Chordata	Actinopteri	Perciformes	Sebastidae	Sebastes	Sebastes paucispinis
ASV_1392	1.3476915140572607	Eukaryota	Chordata	Actinopteri	Myctophiformes	Myctophidae	Tarletonbeania	Tarletonbeania crenularis
ASV_3137	0.7356958152747933	Eukaryota	Chordata	Chondrichthyes	Carcharhiniformes	Scyliorhinidae	Apristurus	Apristurus brunneus
ASV_246	1.102336294833827	Eukaryota	Chordata	Actinopteri	Clupeiformes	Clupeidae	Sardinops	Sardinops melanostictus
ASV_1810	1.2787555204007646	Eukaryota	Chordata	Actinopteri	Clupeiformes	Clupeidae	Sardinops	Sardinops melanostictus
ASV_4614	0.854896223827375	Eukaryota	Chordata	Actinopteri	Beryciformes	Melamphaidae	Scopelogadus	s_
ASV_1843	0.5809539527974914	Eukaryota	Chordata	Actinopteri	Myctophiformes	Myctophidae	Lampanyctus	Lampanyctus tenuiformis
ASV_4723	1.3925360070024668	Eukaryota	Chordata	Actinopteri	Myctophiformes	Myctophidae	Stenobrachius	Stenobrachius leucopsarus
ASV_1188	1.3447919153338106	Eukaryota	Chordata	Actinopteri	Stomiiformes	Stomiidae	Chauliodus	Chauliodus macouni
ASV_4808	0.6752682985650549	Eukaryota	Chordata	Actinopteri	Argentiniformes	Bathylagidae	Leuroglossus	Leuroglossus schmidti
ASV_4952	1.0252772762445188	Eukaryota	Chordata	Actinopteri	Alepocephaliformes	Platytroctidae	Sagamichthys	Sagamichthys abei
ASV_1312	0.23098474010491177	Eukaryota	Chordata	Actinopteri	Myctophiformes	Myctophidae	Diaphus	Diaphus theta
ASV_5008	1.3248451479697176	Eukaryota	Chordata	Actinopteri	Perciformes	Sebastidae	Sebastes	unassigned
ASV_4995	2.345546527671317	Eukaryota	Chordata	Actinopteri	Perciformes	Sebastidae	Sebastes	unassigned
ASV_3709	0.4888541259288229	Eukaryota	Chordata	Actinopteri	Myctophiformes	Myctophidae	Stenobrachius	Stenobrachius leucopsarus
ASV_5094	2.1148899685624465	Eukaryota	Chordata	Mammalia	Cetacea	Delphinidae	unassigned	unassigned
ASV_5213	73.29842931937172	Eukaryota	Chordata	Mammalia	Cetacea	Delphinidae	unassigned	unassigned
ASV_5097	1.6338298894762133	Eukaryota	Chordata	Chondrichthyes	Chimaeriformes	Chimaeridae	Hydrolagus	Hydrolagus colliei
ASV_5310	1.7374517374517375	Eukaryota	Chordata	Actinopteri	Myctophiformes	Myctophidae	Protomyctophum	unassigned
ASV_4964	0.9800987580427951	Eukaryota	Chordata	Actinopteri	Scombriformes	Scombridae	Scomber	unassigned
ASV_2170	0.8973288814691153	Eukaryota	Chordata	Chondrichthyes	Squaliformes	Squalidae	Squalus	unassigned
ASV_4607	4.181639986932375	Eukaryota	Chordata	Actinopteri	Aulopiformes	Paralepididae	g_	s_
ASV_5354	1.0698340493639962	Eukaryota	Chordata	Actinopteri	Carangiformes	Carangidae	Trachurus	Trachurus symmetricus
ASV_5527	0.40270671728007923	Eukaryota	Chordata	Actinopteri	Perciformes	Sebastidae	Sebastes	unassigned
ASV_5551	0.5466702810156321	Eukaryota	Chordata	Actinopteri	Argentiniformes	Argentinidae	g_	s_
ASV_254	0.32117024722012305	Eukaryota	Chordata	Actinopteri	Argentiniformes	Bathylagidae	Leuroglossus	Leuroglossus schmidti
ASV_2315	0.3878242732368661	Eukaryota	Chordata	Actinopteri	Myctophiformes	Myctophidae	unassigned	unassigned
ASV_5521	0.2932479053721045	Eukaryota	Chordata	Actinopteri	Myctophiformes	Myctophidae	Diaphus	Diaphus theta
ASV_5553	0.97773395776846606	Eukaryota	Chordata	Actinopteri	Perciformes	Zoarcidae	Lycodes	Lycodes cortezianus
ASV_5752	0.4631400042489908	Eukaryota	Chordata	Actinopteri	Perciformes	Sebastidae	Sebastes	unassigned
ASV_5832	0.44614404079031234	Eukaryota	Chordata	Actinopteri	Myctophiformes	Myctophidae	Stenobrachius	Stenobrachius leucopsarus
ASV_4631	0.33242080563159954	Eukaryota	Chordata	Actinopteri	Myctophiformes	Myctophidae	unassigned	s_
ASV_6056	0.593952483801296	Eukaryota	Chordata	Actinopteri	Argentiniformes	Bathylagidae	Lipolagus	Lipolagus ochotensis
ASV_6075	0.7093225246091488	Eukaryota	Chordata	Actinopteri	Pleuronectiformes	Pleuronectidae	Microstomus	Microstomus pacificus
ASV_5828	1.082004555808656	Eukaryota	Chordata	Actinopteri	Myctophiformes	Myctophidae	Diaphus	Diaphus theta
ASV_6132	1.5707671957671958	Eukaryota	Chordata	Actinopteri	Perciformes	Sebastidae	Sebastes	unassigned
ASV_6191	0.3625424251774144	Eukaryota	Chordata	Actinopteri	Scombriformes	Centrolophidae	Icichthys	Icichthys lockingtoni
ASV_3723	0.6998326487144378	Eukaryota	Chordata	Actinopteri	Myctophiformes	Myctophidae	g_	s_
ASV_6314	10.289017341040463	Eukaryota	Chordata	Chondrichthyes	Squaliformes	Squalidae	Squalus	unassigned
ASV_4462	0.3236841137308272	Eukaryota	Chordata	Actinopteri	Myctophiformes	Myctophidae	g_	s_
ASV_6402	0.2786508116514921	Eukaryota	Chordata	Actinopteri	Argentiniformes	Bathylagidae	Leuroglossus	Leuroglossus schmidti
ASV_6636	0.6710254645560908	Eukaryota	Chordata	Actinopteri	Perciformes	Sebastidae	Sebastes	unassigned
ASV_6719	1.0318949343339587	Eukaryota	Chordata	Actinopteri	unknown	Sciaenidae	Genyonemus	Genyonemus lineatus
ASV_3688	0.5781226228510574	Eukaryota	Chordata	Actinopteri	Myctophiformes	Myctophidae	g_	s_
ASV_4165	0.636835930953578	Eukaryota	Chordata	Mammalia	Cetacea	Ziphiidae	g_	s_
ASV_5628	0.9682981827828625	Eukaryota	Chordata	Actinopteri	Stomiiformes	Gonostomatidae	Cyclothone	Cyclothone signata
ASV_714	0.5382372729311505	Eukaryota	Chordata	Actinopteri	Anabantiformes	Channidae	g_	s_
ASV_6608	0.19910263600673023	Eukaryota	Chordata	Mammalia	Cetacea	Delphinidae	g_	s_
ASV_7035	0.32988890505991364	Eukaryota	Chordata	Actinopteri	Beloniformes	Belonidae	Cololabis	Cololabis saira
ASV_7046	0.2211586070308632	Eukaryota	Chordata	Actinopteri	Myctophiformes	Myctophidae	Lampanyctus	Lampanyctus tenuiformis
ASV_7241	0.30792917628945343	Eukaryota	Chordata	Actinopteri	Pleuronectiformes	Paralichthyidae	Citharichthys	Citharichthys sordidus
ASV_3590	0.20531873289010558	Eukaryota	Chordata	Actinopteri	Myctophiformes	Myctophidae	unassigned	unassigned
ASV_7288	0.2294496849619405	Eukaryota	Chordata	Actinopteri	Myctophiformes	Myctophidae	Stenobrachius	Stenobrachius leucopsarus
ASV_6239	0.2102210945994926	Eukaryota	Chordata	Actinopteri	Myctophiformes	Myctophidae	g_	s_
ASV_7596	0.15383784950879845	Eukaryota	Chordata	Mammalia	Carnivora	Otariidae	Zalophus	Zalophus californianus
ASV_3228	0.3005957260753129	Eukaryota	Chordata	Actinopteri	Clupeiformes	Clupeidae	Sardinops	Sardinops melanostictus
ASV_4882	0.4183782139053705	Eukaryota	Chordata	Actinopteri	Myctophiformes	Myctophidae	Diaphus	Diaphus theta
ASV_149	0.1869718046518585	Eukaryota	Chordata	Actinopteri	Carangiformes	Carangidae	Seriola	Seriola lalandi
ASV_7521	0.05451531435310347	Eukaryota	Chordata	Actinopteri	Beryciformes	Melamphaidae	Scopelogadus	s_
ASV_8107	0.46998922941349264	Eukaryota	Chordata	Actinopteri	Myctophiformes	Myctophidae	Stenobrachius	Stenobrachius leucopsarus
ASV_7136	0.3233129256380271	Eukaryota	Chordata	Actinopteri	Perciformes	Sebastidae	Sebastes	s_
ASV_80	0.2599826678221452	Eukaryota	Chordata	Actinopteri	Syngnathiformes	Syngnathidae	Syngnathus	Syngnathus leptorhynchus
ASV_4899	0.16855389402714152	Eukaryota	Chordata	Actinopteri	Myctophiformes	Myctophidae	Stenobrachius	Stenobrachius leucopsarus
ASV_540	0.5566134466090523	Eukaryota	Chordata	Actinopteri	Argentiniformes	Bathylagidae	Leuroglossus	Leuroglossus schmidti
ASV_6921	0.11596325795721565	Eukaryota	Chordata	Actinopteri	Myctophiformes	Myctophidae	g_	s_
ASV_8521	0.4482717942668397	Eukaryota	Chordata	Actinopteri	Argentiniformes	Bathylagidae	g_	s_
ASV_549	0.3290643898968339	Eukaryota	Chordata	Actinopteri	Myctophiformes	Myctophidae	Stenobrachius	Stenobrachius leucopsarus
ASV_4862	0.11406596271672532	Eukaryota	Chordata	Actinopteri	Myctophiformes	Myctophidae	Stenobrachius	Stenobrachius leucopsarus
ASV_8591	0.23650528658875902	Eukaryota	Chordata	Actinopteri	Pleuronectiformes	Paralichthyidae	Citharichthys	Citharichthys sordidus
ASV_191	0.12439945092656143	Eukaryota	Chordata	Actinopteri	Perciformes	Sebastidae	Sebastes	unassigned
ASV_8854	0.16556291390728478	Eukaryota	Chordata	Actinopteri	Myctophiformes	Myctophidae	Stenobrachius	Stenobrachius leucopsarus
ASV_9807	0.33029612756264237	Eukaryota	Chordata	Actinopteri	Myctophiformes	Myctophidae	g_	s_
ASV_9948	63.63636363636363	Eukaryota	Chordata	Actinopteri	Aulopiformes	Paralepididae	Arctozenus	Arctozenus risso
ASV_6286	0.11669115740340565	Eukaryota	Chordata	Actinopteri	Myctophiformes	Myctophidae	Stenobrachius	Stenobrachius leucopsarus
ASV_7692	0.0868111375474246	Eukaryota	Chordata	Actinopteri	Argentiniformes	Bathylagidae	Leuroglossus	Leuroglossus schmidti
ASV_7	0.02702309435217328	Eukaryota	Chordata	Actinopteri	Argentiniformes	Bathylagidae	Bathylagus	Bathylagus pacificus
ASV_4507	0.20705582543601178	Eukaryota	Chordata	Aves	Procellariiformes	Procellariidae	Puffinus	unassigned
ASV_6502	0.06773655689870779	Eukaryota	Chordata	Actinopteri	Myctophiformes	Myctophidae	Diaphus	Diaphus theta
ASV_1841	0.1278976818545164	Eukaryota	Chordata	Actinopteri	Perciformes	Sebastidae	Sebastes	unassigned
ASV_7532	2.2058823529411766	Eukaryota	Chordata	Mammalia	Cetacea	unassigned	g_	s_
ASV_63	13.218390804597702	Eukaryota	Chordata	Actinopteri	Perciformes	Sebastidae	Sebastes	unassigned
ASV_6102	0.08459925699782984	Eukaryota	Chordata	Actinopteri	Myctophiformes	Myctophidae	g_	s_
ASV_6714	0.12071589775888311	Eukaryota	Chordata	Actinopteri	Myctophiformes	Myctophidae	Triphoturus	s_
ASV_314	0.18075753841097691	Eukaryota	Chordata	Actinopteri	Myctophiformes	Myctophidae	Stenobrachius	Stenobrachius leucopsarus
ASV_10950	0.2505694760820046	Eukaryota	Chordata	Actinopteri	Myctophiformes	Myctophidae	g_	s_
ASV_135	0.23761031907671418	Eukaryota	Chordata	Actinopteri	Myctophiformes	Myctophidae	Stenobrachius	Stenobrachius leucopsarus
ASV_5857	0.07724279986758377	Eukaryota	Chordata	Actinopteri	Myctophiformes	Myctophidae	Stenobrachius	s_
ASV_7322	0.05619330496909368	Eukaryota	Chordata	Actinopteri	Argentiniformes	Bathylagidae	Leuroglossus	Leuroglossus schmidti
ASV_7336	0.1597444089456869	Eukaryota	Chordata	Actinopteri	Myctophiformes	Myctophidae	unassigned	s_
ASV_5855	0.1720578114246387	Eukaryota	Chordata	Actinopteri	Myctophiformes	Myctophidae	Lampanyctus	Lampanyctus tenuiformis
ASV_253	25	Eukaryota	Chordata	Actinopteri	Myctophiformes	Myctophidae	Stenobrachius	Stenobrachius leucopsarus
ASV_11381	0.14318669954657545	Eukaryota	Chordata	Actinopteri	Myctophiformes	Myctophidae	Lampanyctus	Lampanyctus tenuiformis
ASV_618	0.06434454358270418	Eukaryota	Chordata	Actinopteri	Pleuronectiformes	Paralichthyidae	Citharichthys	Citharichthys sordidus
ASV_912	0.06857456340861295	Eukaryota	Chordata	Actinopteri	Myctophiformes	Myctophidae	Stenobrachius	Stenobrachius leucopsarus
ASV_1856	0.2299555419285605	Eukaryota	Chordata	Actinopteri	Perciformes	Sebastidae	Sebastes	unassigned
ASV_7813	0.11410314924691922	Eukaryota	Chordata	Actinopteri	Myctophiformes	Myctophidae	Diaphus	s_
ASV_27	0.05939753924480271	Eukaryota	Chordata	Actinopteri	Perciformes	Sebastidae	Sebastes	unassigned
ASV_169	0.06121288968562808	Eukaryota	Chordata	Actinopteri	Perciformes	Zoarcidae	Melanostigma	Melanostigma atlanticum
ASV_12953	0.046212246245254995	Eukaryota	Chordata	Actinopteri	Perciformes	Sebastidae	Sebastes	unassigned
ASV_79	0.033868278449353896	Eukaryota	Chordata	Actinopteri	Argentiniformes	Bathylagidae	Pseudobathylagus	Pseudobathylagus milleri
ASV_90	0.04861266920948321	Eukaryota	Chordata	Actinopteri	unknown	Embiotocidae	Brachyistius	Brachyistius frenatus
ASV_2596	0.045614035087719294	Eukaryota	Chordata	Actinopteri	Argentiniformes	Bathylagidae	Leuroglossus	Leuroglossus schmidti
ASV_13284	0.17665443674412284	Eukaryota	Chordata	Mammalia	Cetacea	unassigned	g_	s_
ASV_2872	0.1011804384485666	Eukaryota	Chordata	Actinopteri	Clupeiformes	Clupeidae	Sardinops	Sardinops melanostictus
ASV_5413	0.44231478068558794	Eukaryota	Chordata	Chondrichthyes	Lamniformes	Alopiidae	Alopias	Alopias vulpinus
ASV_7872	0.09859502095144194	Eukaryota	Chordata	Actinopteri	Myctophiformes	Myctophidae	g_	s_
ASV_13321	0.03961049678164714	Eukaryota	Chordata	Actinopteri	Perciformes	Sebastidae	Sebastes	unassigned
ASV_13651	0.077780658542909	Eukaryota	Chordata	Mammalia	Cetacea	Physeteridae	Physeter	Physeter catodon
ASV_2259	0.040718119563205625	Eukaryota	Chordata	Actinopteri	Myctophiformes	Myctophidae	Stenobrachius	Stenobrachius leucopsarus
ASV_14056	0.07561696569739465	Eukaryota	Chordata	Mammalia	Cetacea	Ziphiidae	g_	s_
ASV_29	0.04242681374628765	Eukaryota	Chordata	Actinopteri	Perciformes	Cottidae	Scorpaenichthys	Scorpaenichthys marmoratus
ASV_47	0.04242681374628765	Eukaryota	Chordata	Actinopteri	Perciformes	Hexagrammidae	Ophiodon	Ophiodon elongatus
ASV_5122	0.042865103519225	Eukaryota	Chordata	Actinopteri	Perciformes	Sebastidae	Sebastes	unassigned
ASV_11823	0.030516646830846227	Eukaryota	Chordata	Actinopteri	Argentiniformes	Bathylagidae	Leuroglossus	Leuroglossus schmidti
ASV_14558	0.05329070077271516	Eukaryota	Chordata	Actinopteri	Perciformes	Sebastidae	Sebastes	unassigned
ASV_2405	0.03365492483733453	Eukaryota	Chordata	Actinopteri	Argentiniformes	Bathylagidae	Leuroglossus	Leuroglossus schmidti
ASV_104	0.008314798262207164	Eukaryota	Chordata	Actinopteri	Scombriformes	Scombridae	Sarda	Sarda chiliensis
ASV_8285	0.02942582852098429	Eukaryota	Chordata	Actinopteri	Myctophiformes	Myctophidae	Diaphus	Diaphus theta
ASV_11820	0.06153372817475579	Eukaryota	Chordata	Actinopteri	Myctophiformes	Myctophidae	g_	s_
ASV_13345	0.06153372817475579	Eukaryota	Chordata	Actinopteri	Myctophiformes	Myctophidae	g_	s_
ASV_15651	0.05503198734264291	Eukaryota	Chordata	Actinopteri	Myctophiformes	Myctophidae	g_	s_
ASV_3747	0.053813038130381304	Eukaryota	Chordata	Chondrichthyes	Chimaeriformes	Chimaeridae	Hydrolagus	Hydrolagus colliei
ASV_9335	0.029039618336444722	Eukaryota	Chordata	Actinopteri	Perciformes	Sebastidae	Sebastes	unassigned
ASV_13643	0.013842198932173226	Eukaryota	Chordata	Actinopteri	Argentiniformes	Bathylagidae	Leuroglossus	s_
ASV_15800	0.052328623757195186	Eukaryota	Chordata	Myxini	Myxiniformes	Myxinidae	Eptatretus	unassigned
ASV_17	0.030187160394445564	Eukaryota	Chordata	Actinopteri	Carangiformes	Carangidae	Seriola	Seriola lalandi
ASV_26	6.896551724137931	Eukaryota	Chordata	Actinopteri	Atheriniformes	Atherinopsidae	g_	s_
ASV_58	6.896551724137931	Eukaryota	Chordata	Actinopteri	unknown	Embiotocidae	Embiotoca	Embiotoca jacksoni
ASV_72	0.035919540229885055	Eukaryota	Chordata	Actinopteri	unknown	Embiotocidae	Embiotoca	Embiotoca lateralis
ASV_1086	0.1185302252074279	Eukaryota	Chordata	Actinopteri	Argentiniformes	Bathylagidae	Leuroglossus	Leuroglossus schmidti
ASV_17071	0.07885398869759495	Eukaryota	Chordata	Actinopteri	Argentiniformes	Bathylagidae	Lipolagus	Lipolagus ochotensis
ASV_17388	0.050276520864756154	Eukaryota	Chordata	Mammalia	unassigned	unassigned	g_	s_
ASV_60	10.204081632653061	Eukaryota	Chordata	Actinopteri	Blenniiformes	Clinidae	Gibbonsia	unassigned
ASV_81	0.01495774437214868	Eukaryota	Chordata	Actinopteri	Labriformes	Labridae	Oxyjulis	Oxyjulis californica
ASV_105	0.12077294685990338	Eukaryota	Chordata	Actinopteri	unknown	Embiotocidae	Amphistichus	Amphistichus argenteus
ASV_107	0.04550108065066545	Eukaryota	Chordata	Actinopteri	Aulopiformes	Paralepididae	Lestidiops	s_
ASV_108	0.08203445447087777	Eukaryota	Chordata	Actinopteri	Myctophiformes	Myctophidae	Symbolophorus	Symbolophorus californiensis
ASV_180	0.015173355587588195	Eukaryota	Chordata	Actinopteri	Perciformes	Zoarcidae	Bothrocara	unassigned
ASV_366	0.04550108065066545	Eukaryota	Chordata	Actinopteri	Argentiniformes	Bathylagidae	Pseudobathylagus	Pseudobathylagus milleri
ASV_870	0.017126220243192325	Eukaryota	Chordata	Actinopteri	Stomiiformes	Gonostomatidae	Cyclothone	Cyclothone acclinidens
ASV_931	1.2121212121212122	Eukaryota	Chordata	Actinopteri	Pleuronectiformes	Paralichthyidae	Citharichthys	Citharichthys stigmaeus
ASV_1725	0.6042296072507553	Eukaryota	Chordata	Actinopteri	Perciformes	Serranidae	g_	s_
ASV_9109	0.02749707843541624	Eukaryota	Chordata	Actinopteri	Argentiniformes	Bathylagidae	Leuroglossus	Leuroglossus schmidti
ASV_13318	0.02749707843541624	Eukaryota	Chordata	Actinopteri	Myctophiformes	Myctophidae	Lampanyctus	Lampanyctus tenuiformis
ASV_19950	0.02782415136338342	Eukaryota	Chordata	Actinopteri	Pleuronectiformes	Paralichthyidae	Citharichthys	Citharichthys sordidus
ASV_85	5.172413793103448	Eukaryota	Chordata	Actinopteri	Perciformes	Sebastidae	Sebastes	unassigned
ASV_93	0.03412581048799909	Eukaryota	Chordata	Actinopteri	Perciformes	Hexagrammidae	Oxylebius	Oxylebius pictus
ASV_99	0.016457293323824677	Eukaryota	Chordata	Actinopteri	Scombriformes	Stromateidae	Peprilus	Peprilus medius
ASV_119	0.011380016690691146	Eukaryota	Chordata	Actinopteri	unknown	Embiotocidae	Rhacochilus	Rhacochilus vacca
ASV_123	0.013134276082483253	Eukaryota	Chordata	Actinopteri	Salmoniformes	Salmonidae	Oncorhynchus	Oncorhynchus kisutch
ASV_137	0.8	Eukaryota	Chordata	Actinopteri	Blenniiformes	Clinidae	Gibbonsia	Gibbonsia metzi
ASV_177	0.025006251562890724	Eukaryota	Chordata	Actinopteri	Clupeiformes	Clupeidae	unassigned	unassigned
ASV_212	0.007392804337111878	Eukaryota	Chordata	Actinopteri	Perciformes	Sebastidae	Sebastes	unassigned
ASV_349	0.06152584085315833	Eukaryota	Chordata	Actinopteri	Myctophiformes	Myctophidae	Symbolophorus	Symbolophorus californiensis
ASV_414	0.03526922172584058	Eukaryota	Chordata	Actinopteri	Perciformes	Cottidae	Clinocottus	Clinocottus analis
ASV_553	0.004457056262906892	Eukaryota	Chordata	Actinopteri	unknown	Embiotocidae	g_	s_
ASV_2146	0.012868908716540839	Eukaryota	Chordata	Actinopteri	Pleuronectiformes	Paralichthyidae	Citharichthys	Citharichthys sordidus
ASV_4880	0.02837416059774898	Eukaryota	Chordata	Actinopteri	Clupeiformes	Clupeidae	Sardinops	Sardinops melanostictus
ASV_8238	0.018466083959128403	Eukaryota	Chordata	Actinopteri	Myctophiformes	Myctophidae	g_	s_
ASV_22703	0.04943968358602505	Eukaryota	Chordata	Actinopteri	Perciformes	Sebastidae	Sebastes	unassigned
ASV_44	0.01569119723834929	Eukaryota	Chordata	Actinopteri	Scombriformes	Scombridae	Thunnus	Thunnus alalunga
ASV_158	2.1505376344086025	Eukaryota	Chordata	Actinopteri	Perciformes	unassigned	unassigned	unassigned
ASV_328	0.022750540325332726	Eukaryota	Chordata	Actinopteri	Perciformes	Anarhichadidae	Anarrhichthys	Anarrhichthys ocellatus
ASV_336	0.008401949252226516	Eukaryota	Chordata	Actinopteri	Perciformes	Hexagrammidae	Hexagrammos	Hexagrammos decagrammus
ASV_352	1.1494252873563218	Eukaryota	Chordata	Actinopteri	Perciformes	Pholidae	Apodichthys	Apodichthys flavidus
ASV_393	0.00903954802259887	Eukaryota	Chordata	Actinopteri	unknown	Embiotocidae	Amphistichus	Amphistichus argenteus
ASV_426	0.01391207568169171	Eukaryota	Chordata	Actinopteri	Stomiiformes	Stomiidae	Idiacanthus	Idiacanthus antrostomus
ASV_619	0.00747887218607434	Eukaryota	Chordata	Actinopteri	Aulopiformes	Paralepididae	Lestidiops	s_
ASV_828	0.012040214315814821	Eukaryota	Chordata	Actinopteri	Perciformes	Stichaeidae	unassigned	unassigned
ASV_1073	0.006270575325286095	Eukaryota	Chordata	Actinopteri	Pleuronectiformes	Pleuronectidae	Pleuronichthys	Pleuronichthys decurrens
ASV_1149	0.009730466089325679	Eukaryota	Chordata	Actinopteri	unknown	Embiotocidae	unassigned	unassigned
ASV_1228	0.018037518037518036	Eukaryota	Chordata	Actinopteri	Perciformes	Stichaeidae	Xiphister	unassigned
ASV_1254	0.01391207568169171	Eukaryota	Chordata	Actinopteri	Pleuronectiformes	Paralichthyidae	Citharichthys	Citharichthys sordidus
ASV_1447	5.714285714285714	Eukaryota	Chordata	Actinopteri	Perciformes	Cottidae	Synchirus	Synchirus gilli
ASV_8059	0.013183046602069738	Eukaryota	Chordata	Actinopteri	Clupeiformes	Clupeidae	Sardinops	Sardinops melanostictus
ASV_10592	0.017287578874578616	Eukaryota	Chordata	Actinopteri	Myctophiformes	Myctophidae	Stenobrachius	s_
ASV_10595	0.017205781142463867	Eukaryota	Chordata	Actinopteri	unassigned	unassigned	g_	s_
ASV_88	0.011375270162666363	Eukaryota	Chordata	Actinopteri	Perciformes	Cottidae	Clinocottus	Clinocottus globiceps
ASV_165	1.0752688172043012	Eukaryota	Chordata	Actinopteri	unknown	Embiotocidae	unassigned	unassigned
ASV_184	0.1510574018126888	Eukaryota	Chordata	Actinopteri	Lutjaniformes	Haemulidae	g_	s_
ASV_207	0.021473051320592657	Eukaryota	Chordata	Actinopteri	Pleuronectiformes	Paralichthyidae	Paralichthys	s_
ASV_422	1.0752688172043012	Eukaryota	Chordata	Actinopteri	Perciformes	Liparidae	Liparis <bony fishes>	Liparis mucosus
ASV_465	0.004242681374628765	Eukaryota	Chordata	Actinopteri	Perciformes	Stichaeidae	Xiphister	unassigned
ASV_508	0.009018759018759018	Eukaryota	Chordata	Actinopteri	Perciformes	Cottidae	g_	s_
ASV_565	0.26666666666666666	Eukaryota	Chordata	Actinopteri	Perciformes	Aulorhynchidae	Aulorhynchus	Aulorhynchus flavidus
ASV_571	0.009018759018759018	Eukaryota	Chordata	Actinopteri	Blenniiformes	Clinidae	Gibbonsia	Gibbonsia metzi
ASV_573	1.8867924528301887	Eukaryota	Chordata	Actinopteri	Perciformes	Sebastidae	Sebastes	unassigned
ASV_610	0.26666666666666666	Eukaryota	Chordata	Actinopteri	Perciformes	Stichaeidae	unassigned	unassigned
ASV_782	0.009791442279447763	Eukaryota	Chordata	Actinopteri	Myctophiformes	Myctophidae	Stenobrachius	Stenobrachius leucopsarus
ASV_920	0.0048652330446628395	Eukaryota	Chordata	Actinopteri	Perciformes	Stichaeidae	Anoplarchus	unassigned
ASV_1009	0.002464268112370626	Eukaryota	Chordata	Actinopteri	Gobiiformes	Gobiidae	Lepidogobius	Lepidogobius lepidus
ASV_1083	0.004519774011299435	Eukaryota	Chordata	Actinopteri	Blenniiformes	Gobiesocidae	Gobiesox	Gobiesox maeandricus
ASV_1235	0.0014856854209689642	Eukaryota	Chordata	Actinopteri	Gobiiformes	Gobiidae	g_	s_
ASV_1288	0.011375270162666363	Eukaryota	Chordata	Actinopteri	Clupeiformes	Clupeidae	Sardinops	Sardinops melanostictus
ASV_1500	0.009887284951552304	Eukaryota	Chordata	Actinopteri	Myctophiformes	Myctophidae	Tarletonbeania	unassigned
ASV_1530	0.020508613617719443	Eukaryota	Chordata	Actinopteri	Gobiiformes	Gobiidae	g_	s_
ASV_1558	0.004519774011299435	Eukaryota	Chordata	Actinopteri	Blenniiformes	Clinidae	Gibbonsia	Gibbonsia metzi
ASV_1563	0.26666666666666666	Eukaryota	Chordata	Actinopteri	Perciformes	Cottidae	Scorpaenichthys	Scorpaenichthys marmoratus
ASV_1589	0.009018759018759018	Eukaryota	Chordata	Actinopteri	Perciformes	Cottidae	Orthonopias	Orthonopias triacis
ASV_1726	1.0752688172043012	Eukaryota	Chordata	Actinopteri	Perciformes	Pholidae	Apodichthys	Apodichthys flavidus
ASV_1755	0.007443799315170463	Eukaryota	Chordata	Actinopteri	Pleuronectiformes	Paralichthyidae	Citharichthys	unassigned
ASV_1860	0.26666666666666666	Eukaryota	Chordata	Actinopteri	unknown	Embiotocidae	Amphistichus	Amphistichus argenteus
ASV_1979	0.004955892556249381	Eukaryota	Chordata	Actinopteri	Argentiniformes	Bathylagidae	Pseudobathylagus	Pseudobathylagus milleri
ASV_2045	4.545454545454546	Eukaryota	Chordata	Actinopteri	Perciformes	Sebastidae	Sebastes	unassigned
ASV_2052	0.007759155803848541	Eukaryota	Chordata	Mammalia	Cetacea	Cervidae	Cervus	Cervus elaphus
ASV_2166	0.011375270162666363	Eukaryota	Chordata	Actinopteri	Perciformes	Hexagrammidae	Oxylebius	Oxylebius pictus
ASV_2304	0.00373943609303717	Eukaryota	Chordata	Actinopteri	Perciformes	Liparidae	Liparis <bony fishes>	Liparis florae
ASV_2368	2.7027027027027026	Eukaryota	Chordata	Actinopteri	Myctophiformes	Myctophidae	Tarletonbeania	Tarletonbeania crenularis
ASV_3055	0.04194630872483222	Eukaryota	Chordata	Actinopteri	Perciformes	Stichaeidae	Anoplarchus	unassigned
ASV_3119	0.7518796992481203	Eukaryota	Chordata	Actinopteri	Perciformes	Cottidae	g_	s_
ASV_3271	0.004242681374628765	Eukaryota	Chordata	Actinopteri	unknown	Embiotocidae	Embiotoca	Embiotoca jacksoni
ASV_3418	2.0408163265306123	Eukaryota	Chordata	Actinopteri	Pleuronectiformes	Paralichthyidae	Citharichthys	unassigned
ASV_3666	0.0048652330446628395	Eukaryota	Chordata	Actinopteri	Perciformes	Pholidae	unassigned	s_
ASV_3698	0.5747126436781609	Eukaryota	Chordata	Actinopteri	unknown	Embiotocidae	Brachyistius	Brachyistius frenatus
ASV_6133	3.125	Eukaryota	Chordata	Actinopteri	Perciformes	Sebastidae	Sebastes	unassigned
ASV_6434	0.007164863509350148	Eukaryota	Chordata	Actinopteri	Carangiformes	Carangidae	Seriola	s_
ASV_6533	0.004242681374628765	Eukaryota	Chordata	Actinopteri	Perciformes	Sebastidae	Sebastes	unassigned
ASV_7081	1.7241379310344827	Eukaryota	Chordata	Actinopteri	Argentiniformes	Bathylagidae	Bathylagus	Bathylagus pacificus
ASV_7384	1.8867924528301887	Eukaryota	Chordata	Actinopteri	Pleuronectiformes	Paralichthyidae	Citharichthys	Citharichthys stigmaeus
ASV_33581	2.0408163265306123	Eukaryota	Chordata	Actinopteri	Pleuronectiformes	Paralichthyidae	Citharichthys	s_
ASV_33583	0.014297969688304261	Eukaryota	Chordata	Actinopteri	Argentiniformes	Bathylagidae	Leuroglossus	Leuroglossus schmidti
ASV_33593	0.010574177857671566	Eukaryota	Chordata	Actinopteri	Argentiniformes	Bathylagidae	Lipolagus	s_
ASV_33612	0.010574177857671566	Eukaryota	Chordata	Actinopteri	Argentiniformes	Bathylagidae	Lipolagus	s_
