sample_name,FilterID,target_gene,PlateID,library,local_time,time_label,SAMPLING_cruise,depth,SAMPLING_platform,SC,ESP,SAMPLING_station_number,SAMPLING_station,SAMPLING_bottle,decimalLongitude,decimalLatitude,sample_type,Plates,Markers,Status,Dewar_name,Sampling_method,replicate,SAMPLING_rdepth,project_name,nitrate,fluor,density,pressure,minimumDepthInMeters,maximumDepthInMeters,start_GMT,end_GMT,temp,salinity,sigmat,spice,diss_oxygen,PAR (umol/s/m2),altitude,chlorophyll,bbp470 (count),bbp650 (count),SAMPLING_project,ESP_name,diel,month,day,hour,eventDate
CN19Sc29_12_eDNA_RR,CN19Sc29_12_eDNA,12S,RR,RR1,6/3/19 12:04,06-03 day,CN19S,0.0,WESTERN FLYER,,,29.0,MARS,12.0,-122.1982,36.7115,environmental,"SS,RR,PP","18S,12S,COI","Filters (racks A-D),Tube Extracts (racks E-G)",,CTD,,2.282,CANON,0.113,0.0643,24.0608,2.299,,,,,14.1974,32.3001,,,,,,1.1079,,,,,day,6.0,3.0,12.0,6/3/19 19:04
CN19Sc29_11_eDNA_RR,CN19Sc29_11_eDNA,12S,RR,RR2,6/3/19 12:04,06-03 day,CN19S,40.0,WESTERN FLYER,,,29.0,MARS,11.0,-122.1982,36.7115,environmental,"SS,RR,PP","18S,12S,COI","Tube Extracts (racks E-G),Filters (racks A-D)",,CTD,,41.0,CANON,18.414,0.0428,25.7136,41.308,,,,,10.5376,33.5306,,,,,,0.5715,,,,,day,6.0,3.0,12.0,6/3/19 19:04
CN19Sc29_10_eDNA_RR,CN19Sc29_10_eDNA,12S,RR,RR3,6/3/19 12:04,06-03 day,CN19S,80.0,WESTERN FLYER,,,29.0,MARS,10.0,-122.1982,36.7115,environmental,"SS,RR,PP","18S,12S,COI","Tube Extracts (racks E-G),Filters (racks A-D)",,CTD,,80.077,CANON,25.018,0.0371,26.1126,80.687,,,,,9.5024,33.8173,,,,,,0.4264,,,,,day,6.0,3.0,12.0,6/3/19 19:04
CN19Sc29_9_eDNA_RR,CN19Sc29_09_eDNA,12S,RR,RR4,6/3/19 12:04,06-03 day,CN19S,110.0,WESTERN FLYER,,,29.0,MARS,9.0,-122.1982,36.7115,environmental,"SS,RR,PP","18S,12S,COI","Tube Extracts (racks E-G),Filters (racks A-D)",,CTD,,110.53200000000001,CANON,25.319000000000003,0.0354,26.2664,111.383,,,,,9.14,33.9384,,,,,,0.3852,,,,,day,6.0,3.0,12.0,6/3/19 19:04
CN19Sc29_8_eDNA_RR,CN19Sc29_08_eDNA,12S,RR,RR5,6/3/19 12:04,06-03 day,CN19S,165.0,WESTERN FLYER,,,29.0,MARS,8.0,-122.1982,36.7115,environmental,"SS,RR,PP","18S,12S,COI","Tube Extracts (racks E-G),Filters (racks A-D)",,CTD,,165.27,CANON,27.642,0.0354,26.4198,166.56400000000002,,,,,8.5266,34.0104,,,,,,0.3852,,,,,day,6.0,3.0,12.0,6/3/19 19:04
CN19Sc29_7_eDNA_RR,CN19Sc29_07_eDNA,12S,RR,RR6,6/3/19 12:04,06-03 day,CN19S,200.0,WESTERN FLYER,,,29.0,MARS,7.0,-122.1982,36.7115,environmental,"SS,RR,PP","18S,12S,COI","Filters (racks A-D),Tube Extracts (racks E-G)",,CTD,,200.46200000000002,CANON,28.951999999999998,0.0366,26.5028,202.049,,,,,8.1362,34.0402,,,,,,0.4152,,,,,day,6.0,3.0,12.0,6/3/19 19:04
CN19Sc29_6_eDNA_RR,CN19Sc29_06_eDNA,12S,RR,RR7,6/3/19 12:04,06-03 day,CN19S,245.0,WESTERN FLYER,,,29.0,MARS,6.0,-122.1982,36.7115,environmental,"SS,RR,PP","18S,12S,COI","Filters (racks A-D),Tube Extracts (racks E-G)",,CTD,,245.392,CANON,31.56,0.0352,26.6422,247.362,,,,,7.5658,34.1107,,,,,,0.3802,,,,,day,6.0,3.0,12.0,6/3/19 19:04
CN19Sc29_5_eDNA_RR,CN19Sc29_05_eDNA,12S,RR,RR8,6/3/19 12:04,06-03 day,CN19S,300.0,WESTERN FLYER,,,29.0,MARS,5.0,-122.1982,36.7115,environmental,"SS,RR,PP","18S,12S,COI","Filters (racks A-D),Tube Extracts (racks E-G)",,CTD,,299.558,CANON,34.071,0.035,26.7137,302.003,,,,,7.2047,34.1359,,,,,,0.3746,,,,,day,6.0,3.0,12.0,6/3/19 19:04
CN19Sc29_4_eDNA_RR,CN19Sc29_04_eDNA,12S,RR,RR9,6/3/19 12:04,06-03 day,CN19S,400.0,WESTERN FLYER,,,29.0,MARS,4.0,-122.1982,36.7115,environmental,"SS,RR,PP","18S,12S,COI","Filters (racks A-D),Tube Extracts (racks E-G)",,CTD,,399.462,CANON,36.655,0.0362,26.8472,402.819,,,,,6.4632,34.1768,,,,,,0.4064,,,,,day,6.0,3.0,12.0,6/3/19 19:04
CN19Sc29_3_eDNA_RR,CN19Sc29_03_eDNA,12S,RR,RR10,6/3/19 12:04,06-03 day,CN19S,500.0,WESTERN FLYER,,,29.0,MARS,3.0,-122.1982,36.7115,environmental,"SS,RR,PP","18S,12S,COI","Tube Extracts (racks E-G),Filters (racks A-D)",,CTD,,500.001,CANON,39.478,0.0366,26.9586,504.32599999999996,,,,,5.9391,34.2316,,,,,,0.4158,,,,,day,6.0,3.0,12.0,6/3/19 19:04
CN19Sc29_2_eDNA_RR,CN19Sc29_02_eDNA,12S,RR,RR11,6/3/19 12:04,06-03 day,CN19S,600.0,WESTERN FLYER,,,29.0,MARS,2.0,-122.1982,36.7115,environmental,"SS,RR,PP","18S,12S,COI","Tube Extracts (racks E-G),Filters (racks A-D)",,CTD,,600.3530000000001,CANON,40.718,0.0379,27.09,605.695,,,,,5.3793,34.3103,,,,,,0.4463,,,,,day,6.0,3.0,12.0,6/3/19 19:04
CN19Sc29_1_eDNA_RR,CN19Sc29_01_eDNA,12S,RR,RR12,6/3/19 12:04,06-03 day,CN19S,700.0,WESTERN FLYER,,,29.0,MARS,1.0,-122.1982,36.7115,environmental,"SS,RR,PP","18S,12S,COI","Filters (racks A-D),Tube Extracts (racks E-G)",,CTD,,700.324,CANON,42.105,0.0378,27.1654,706.7260000000001,,,,,4.9934,34.3477,,,,,,0.4444,,,,,day,6.0,3.0,12.0,6/3/19 19:04
CN19Sc29_Bongo_eDNA_RR,CN19Sc29_bongo_eDNA,12S,RR,RR13,,,CN19S,,,,,29.0,,,,,environmental,"SS,RR,PP","18S,12S,COI","Filters (racks A-D),Tube Extracts (racks E-G)",,Net_Filtrate,,,,,,,,,,,,,,,,,,,,,,,,,,,,
CN19Sc31_12_eDNA_RR,CN19Sc31_12_eDNA,12S,RR,RR14,6/3/19 18:05,06-03 transition,CN19S,0.0,WESTERN FLYER,,,31.0,MARS,12.0,-122.1982,36.711999999999996,environmental,"SS,RR,PP","18S,12S,COI","Tube Extracts (racks E-G),Filters (racks A-D)",,CTD,,2.194,CANON,0.24100000000000002,0.0726,23.9503,2.21,,,,,14.3193,32.1897,,,,,,1.3153,,,,,transition,6.0,3.0,18.0,6/4/19 1:05
CN19Sc31_11_eDNA_RR,CN19Sc31_11_eDNA,12S,RR,RR15,6/3/19 18:05,06-03 transition,CN19S,40.0,WESTERN FLYER,,,31.0,MARS,11.0,-122.1982,36.711999999999996,environmental,"SS,RR,PP","18S,12S,COI","Tube Extracts (racks E-G),Filters (racks A-D)",,CTD,,39.863,CANON,17.472,0.0449,25.7375,40.162,,,,,10.48,33.5485,,,,,,0.6226,,,,,transition,6.0,3.0,18.0,6/4/19 1:05
CN19Sc31_10_eDNA_RR,CN19Sc31_10_eDNA,12S,RR,RR16,6/3/19 18:05,06-03 transition,CN19S,80.0,WESTERN FLYER,,,31.0,MARS,10.0,-122.1982,36.711999999999996,environmental,"SS,RR,PP","18S,12S,COI","Tube Extracts (racks E-G),Filters (racks A-D)",,CTD,,80.115,CANON,23.778000000000002,0.0371,26.0761,80.726,,,,,9.6132,33.7938,,,,,,0.4282,,,,,transition,6.0,3.0,18.0,6/4/19 1:05
CN19Sc31_9_eDNA_RR,CN19Sc31_09_eDNA,12S,RR,RR17,6/3/19 18:05,06-03 transition,CN19S,110.0,WESTERN FLYER,,,31.0,MARS,9.0,-122.1982,36.711999999999996,environmental,"SS,RR,PP","18S,12S,COI","Filters (racks A-D),Tube Extracts (racks E-G)",,CTD,,108.84,CANON,27.935,0.0359,26.3,109.677,,,,,9.0016,33.9532,,,,,,0.3977,,,,,transition,6.0,3.0,18.0,6/4/19 1:05
CN19Sc31_8_eDNA_RR,CN19Sc31_08_eDNA,12S,RR,RR18,6/3/19 18:05,06-03 transition,CN19S,165.0,WESTERN FLYER,,,31.0,MARS,8.0,-122.1982,36.711999999999996,environmental,"SS,RR,PP","18S,12S,COI","Tube Extracts (racks E-G),Filters (racks A-D)",,CTD,,164.47099999999998,CANON,28.309,0.0354,26.4402,165.75900000000001,,,,,8.4312,34.0178,,,,,,0.3852,,,,,transition,6.0,3.0,18.0,6/4/19 1:05
CN19Sc31_7_eDNA_RR,CN19Sc31_07_eDNA,12S,RR,RR19,6/3/19 18:05,06-03 transition,CN19S,200.0,WESTERN FLYER,,,31.0,MARS,7.0,-122.1982,36.711999999999996,environmental,"SS,RR,PP","18S,12S,COI","Filters (racks A-D),Tube Extracts (racks E-G)",,CTD,,199.856,CANON,28.373,0.0354,26.5156,201.438,,,,,8.0527,34.0407,,,,,,0.3852,,,,,transition,6.0,3.0,18.0,6/4/19 1:05
CN19Sc31_6_eDNA_RR,CN19Sc31_06_eDNA,12S,RR,RR20,6/3/19 18:05,06-03 transition,CN19S,245.0,WESTERN FLYER,,,31.0,MARS,6.0,-122.1982,36.711999999999996,environmental,"SS,RR,PP","18S,12S,COI","Tube Extracts (racks E-G),Filters (racks A-D)",,CTD,,245.303,CANON,29.818,0.0337,26.5798,247.27200000000002,,,,,7.8311,34.0801,,,,,,0.341,,,,,transition,6.0,3.0,18.0,6/4/19 1:05
CN19Sc31_5_eDNA_RR,CN19Sc31_05_eDNA,12S,RR,RR21,6/3/19 18:05,06-03 transition,CN19S,300.0,WESTERN FLYER,,,31.0,MARS,5.0,-122.1982,36.711999999999996,environmental,"SS,RR,PP","18S,12S,COI","Tube Extracts (racks E-G),Filters (racks A-D)",,CTD,,299.466,CANON,32.8,0.0343,26.6621,301.91,,,,,7.4932,34.1218,,,,,,0.3572,,,,,transition,6.0,3.0,18.0,6/4/19 1:05
CN19Sc31_4_eDNA_RR,CN19Sc31_04_eDNA,12S,RR,RR22,6/3/19 18:05,06-03 transition,CN19S,400.0,WESTERN FLYER,,,31.0,MARS,4.0,-122.1982,36.711999999999996,environmental,"SS,RR,PP","18S,12S,COI","Tube Extracts (racks E-G),Filters (racks A-D)",,CTD,,399.15,CANON,32.934,0.0392,26.8257,402.505,,,,,6.5661,34.1667,,,,,,0.4793,,,,,transition,6.0,3.0,18.0,6/4/19 1:05
CN19Sc31_3_eDNA_RR,CN19Sc31_03_eDNA,12S,RR,RR23,6/3/19 18:05,06-03 transition,CN19S,500.0,WESTERN FLYER,,,31.0,MARS,3.0,-122.1982,36.711999999999996,environmental,"SS,RR,PP","18S,12S,COI","Filters (racks A-D),Tube Extracts (racks E-G)",,CTD,,500.186,CANON,38.275,0.0374,26.9637,504.51300000000003,,,,,5.9246,34.2357,,,,,,0.4357,,,,,transition,6.0,3.0,18.0,6/4/19 1:05
CN19Sc31_2_eDNA_RR,CN19Sc31_02_eDNA,12S,RR,RR24,6/3/19 18:05,06-03 transition,CN19S,600.0,WESTERN FLYER,,,31.0,MARS,2.0,-122.1982,36.711999999999996,environmental,"SS,RR,PP","18S,12S,COI","Tube Extracts (racks E-G),Filters (racks A-D)",,CTD,,599.773,CANON,41.42,0.0381,27.0684,605.109,,,,,5.4927,34.3002,,,,,,0.4525,,,,,transition,6.0,3.0,18.0,6/4/19 1:05
CN19Sc31_1_eDNA_RR,CN19Sc31_01_eDNA,12S,RR,RR25,6/3/19 18:05,06-03 transition,CN19S,700.0,WESTERN FLYER,,,31.0,MARS,1.0,-122.1982,36.711999999999996,environmental,"SS,RR,PP","18S,12S,COI","Tube Extracts (racks E-G),Filters (racks A-D)",,CTD,,701.3689999999999,CANON,42.138000000000005,0.0385,27.1372,707.7819999999999,,,,,5.1304,34.3319,,,,,,0.4612,,,,,transition,6.0,3.0,18.0,6/4/19 1:05
CN19Sc34_12_eDNA_RR,CN19Sc34_12_eDNA,12S,RR,RR26,6/4/19 0:07,06-04 night,CN19S,0.0,WESTERN FLYER,,,34.0,MARS,12.0,-122.1988,36.7125,environmental,"SS,RR,PP","18S,12S,COI","Tube Extracts (racks E-G),Filters (racks A-D)",,CTD,,3.353,CANON,0.098,0.0844,24.2764,3.377,,,,,13.6788,32.4416,,,,,,1.6093,,,,,night,6.0,4.0,0.0,6/4/19 7:07
CN19Sc34_11_eDNA_RR,CN19Sc34_11_eDNA,12S,RR,RR27,6/4/19 0:07,06-04 night,CN19S,35.0,WESTERN FLYER,,,34.0,MARS,11.0,-122.1988,36.7125,environmental,"SS,RR,PP","18S,12S,COI","Tube Extracts (racks E-G),Filters (racks A-D)",,CTD,,34.357,CANON,16.164,0.0412,25.697,34.615,,,,,10.5963,33.5225,,,,,,0.5291,,,,,night,6.0,4.0,0.0,6/4/19 7:07
CN19Sc34_9_eDNA_RR,CN19Sc34_09_eDNA,12S,RR,RR28,6/4/19 0:07,06-04 night,CN19S,100.0,WESTERN FLYER,,,34.0,MARS,9.0,-122.1988,36.7125,environmental,"SS,RR,PP","18S,12S,COI","Filters (racks A-D),Tube Extracts (racks E-G)",,CTD,,101.02600000000001,CANON,24.879,0.0354,26.2082,101.802,,,,,9.2853,33.894,,,,,,0.3846,,,,,night,6.0,4.0,0.0,6/4/19 7:07
CN19Sc34_8_eDNA_RR,CN19Sc34_08_eDNA,12S,RR,RR29,6/4/19 0:07,06-04 night,CN19S,125.0,WESTERN FLYER,,,34.0,MARS,8.0,-122.1988,36.7125,environmental,"SS,RR,PP","18S,12S,COI","Filters (racks A-D),Tube Extracts (racks E-G)",,CTD,,123.27799999999999,CANON,27.585,0.0354,26.3016,124.23,,,,,9.0022,33.955,,,,,,0.3852,,,,,night,6.0,4.0,0.0,6/4/19 7:07
CN19Sc34_7_eDNA_RR,CN19Sc34_07_eDNA,12S,RR,RR30,6/4/19 0:07,06-04 night,CN19S,200.0,WESTERN FLYER,,,34.0,MARS,7.0,-122.1988,36.7125,environmental,"SS,RR,PP","18S,12S,COI","Filters (racks A-D),Tube Extracts (racks E-G)",,CTD,,201.421,CANON,30.995,0.0365,26.5114,203.016,,,,,8.1375,34.0514,,,,,,0.4127,,,,,night,6.0,4.0,0.0,6/4/19 7:07
CN19Sc34_6_eDNA_RR,CN19Sc34_06_eDNA,12S,RR,RR31,6/4/19 0:07,06-04 night,CN19S,250.0,WESTERN FLYER,,,34.0,MARS,6.0,-122.1988,36.7125,environmental,"SS,RR,PP","18S,12S,COI","Filters (racks A-D),Tube Extracts (racks E-G)",,CTD,,250.165,CANON,32.624,0.0348,26.6184,252.176,,,,,7.6782,34.1009,,,,,,0.3696,,,,,night,6.0,4.0,0.0,6/4/19 7:07
CN19Sc34_4_eDNA_RR,CN19Sc34_04_eDNA,12S,RR,RR33,6/4/19 0:07,06-04 night,CN19S,400.0,WESTERN FLYER,,,34.0,MARS,4.0,-122.1988,36.7125,environmental,"SS,RR,PP","18S,12S,COI","Filters (racks A-D),Tube Extracts (racks E-G)",,CTD,,399.49199999999996,CANON,38.189,0.0365,26.8261,402.85,,,,,6.5574,34.1657,,,,,,0.4121,,,,,night,6.0,4.0,0.0,6/4/19 7:07
CN19Sc34_2_eDNA_RR,CN19Sc34_02_eDNA,12S,RR,RR34,6/4/19 0:07,06-04 night,CN19S,600.0,WESTERN FLYER,,,34.0,MARS,2.0,-122.1988,36.7125,environmental,"SS,RR,PP","18S,12S,COI","Tube Extracts (racks E-G),Filters (racks A-D)",,CTD,,600.644,CANON,41.788000000000004,0.0379,27.0634,605.989,,,,,5.5161,34.2972,,,,,,0.4463,,,,,night,6.0,4.0,0.0,6/4/19 7:07
CN19Sc34_1_eDNA_RR,CN19Sc34_01_eDNA,12S,RR,RR35,6/4/19 0:07,06-04 night,CN19S,700.0,WESTERN FLYER,,,34.0,MARS,1.0,-122.1988,36.7125,environmental,"SS,RR,PP","18S,12S,COI","Filters (racks A-D),Tube Extracts (racks E-G)",,CTD,,700.375,CANON,42.138000000000005,0.0374,27.1519,706.778,,,,,5.0615,34.3405,,,,,,0.4357,,,,,night,6.0,4.0,0.0,6/4/19 7:07
CN19Sc36_12_eDNA_RR,CN19Sc36_12_eDNA,12S,RR,RR36,6/4/19 6:04,06-04 transition,CN19S,0.0,WESTERN FLYER,,,36.0,MARS,12.0,-122.1982,36.711999999999996,environmental,"SS,RR,PP","18S,12S,COI","Filters (racks A-D),Tube Extracts (racks E-G)",,CTD,,2.2030000000000003,CANON,0.7509999999999999,0.0934,24.226,2.22,,,,,13.9497,32.448,,,,,,1.8355,,,,,transition,6.0,4.0,6.0,6/4/19 13:04
CN19Sc36_11_eDNA_RR,CN19Sc36_11_eDNA,12S,RR,RR37,6/4/19 6:04,06-04 transition,CN19S,35.0,WESTERN FLYER,,,36.0,MARS,11.0,-122.1982,36.711999999999996,environmental,"SS,RR,PP","18S,12S,COI","Tube Extracts (racks E-G),Filters (racks A-D)",,CTD,,35.238,CANON,16.253,0.0431,25.585,35.501999999999995,,,,,10.8735,33.4413,,,,,,0.5771,,,,,transition,6.0,4.0,6.0,6/4/19 13:04
CN19Sc36_9_eDNA_RR,CN19Sc36_09_eDNA,12S,RR,RR38,6/4/19 6:04,06-04 transition,CN19S,100.0,WESTERN FLYER,,,36.0,MARS,9.0,-122.1982,36.711999999999996,environmental,"SS,RR,PP","18S,12S,COI","Filters (racks A-D),Tube Extracts (racks E-G)",,CTD,,99.40299999999999,CANON,24.756999999999998,0.0354,26.2166,100.165,,,,,9.2645,33.9005,,,,,,0.3852,,,,,transition,6.0,4.0,6.0,6/4/19 13:04
CN19Sc36_8_eDNA_RR,CN19Sc36_08_eDNA,12S,RR,RR39,6/4/19 6:04,06-04 transition,CN19S,125.0,WESTERN FLYER,,,36.0,MARS,8.0,-122.1982,36.711999999999996,environmental,"SS,RR,PP","18S,12S,COI","Tube Extracts (racks E-G),Filters (racks A-D)",,CTD,,125.929,CANON,27.092,0.0358,26.3466,126.90299999999999,,,,,8.7886,33.9695,,,,,,0.3964,,,,,transition,6.0,4.0,6.0,6/4/19 13:04
CN19Sc36_7_eDNA_RR,CN19Sc36_07_eDNA,12S,RR,RR40,6/4/19 6:04,06-04 transition,CN19S,200.0,WESTERN FLYER,,,36.0,MARS,7.0,-122.1982,36.711999999999996,environmental,"SS,RR,PP","18S,12S,COI","Tube Extracts (racks E-G),Filters (racks A-D)",,CTD,,200.303,CANON,31.820999999999998,0.0357,26.5309,201.888,,,,,8.0787,34.0651,,,,,,0.3939,,,,,transition,6.0,4.0,6.0,6/4/19 13:04
CN19Sc36_6_eDNA_RR,CN19Sc36_06_eDNA,12S,RR,RR41,6/4/19 6:04,06-04 transition,CN19S,250.0,WESTERN FLYER,,,36.0,MARS,6.0,-122.1982,36.711999999999996,environmental,"SS,RR,PP","18S,12S,COI","Filters (racks A-D),Tube Extracts (racks E-G)",,CTD,,250.25099999999998,CANON,32.584,0.0336,26.6221,252.263,,,,,7.6641,34.1029,,,,,,0.3404,,,,,transition,6.0,4.0,6.0,6/4/19 13:04
CN19Sc36_4_eDNA_RR,CN19Sc36_04_eDNA,12S,RR,RR42,6/4/19 6:04,06-04 transition,CN19S,400.0,WESTERN FLYER,,,36.0,MARS,4.0,-122.1982,36.711999999999996,environmental,"SS,RR,PP","18S,12S,COI","Filters (racks A-D),Tube Extracts (racks E-G)",,CTD,,400.366,CANON,31.634,0.0367,26.8246,403.733,,,,,6.5921,34.1696,,,,,,0.4183,,,,,transition,6.0,4.0,6.0,6/4/19 13:04
CN19Sc36_2_eDNA_RR,CN19Sc36_02_eDNA,12S,RR,RR43,6/4/19 6:04,06-04 transition,CN19S,600.0,WESTERN FLYER,,,36.0,MARS,2.0,-122.1982,36.711999999999996,environmental,"SS,RR,PP","18S,12S,COI","Filters (racks A-D),Tube Extracts (racks E-G)",,CTD,,600.257,CANON,40.010999999999996,0.0367,27.0531,605.5980000000001,,,,,5.5635,34.2915,,,,,,0.41700000000000004,,,,,transition,6.0,4.0,6.0,6/4/19 13:04
CN19Sc36_1_eDNA_RR,CN19Sc36_01_eDNA,12S,RR,RR44,6/4/19 6:04,06-04 transition,CN19S,700.0,WESTERN FLYER,,,36.0,MARS,1.0,-122.1982,36.711999999999996,environmental,"SS,RR,PP","18S,12S,COI","Tube Extracts (racks E-G),Filters (racks A-D)",,CTD,,699.699,CANON,39.135,0.0369,27.1718,706.095,,,,,4.9641,34.3515,,,,,,0.4233,,,,,transition,6.0,4.0,6.0,6/4/19 13:04
CN19Sc38_12_eDNA_RR,CN19Sc38_12_eDNA,12S,RR,RR45,6/4/19 12:05,06-04 day,CN19S,0.0,WESTERN FLYER,,,38.0,MARS,12.0,-122.198,36.711999999999996,environmental,"SS,RR,PP","18S,12S,COI","Tube Extracts (racks E-G),Filters (racks A-D)",,CTD,,3.3560000000000003,CANON,0.384,0.0826,24.6085,3.3810000000000002,,,,,13.2439,32.7583,,,,,,1.5657,,,,,day,6.0,4.0,12.0,6/4/19 19:05
CN19Sc38_11_eDNA_RR,CN19Sc38_11_eDNA,12S,RR,RR46,6/4/19 12:05,06-04 day,CN19S,50.0,WESTERN FLYER,,,38.0,MARS,11.0,-122.198,36.711999999999996,environmental,"SS,RR,PP","18S,12S,COI","Filters (racks A-D),Tube Extracts (racks E-G)",,CTD,,49.876000000000005,CANON,22.123,0.0372,25.9617,50.253,,,,,9.8764,33.704,,,,,,0.4301,,,,,day,6.0,4.0,12.0,6/4/19 19:05
CN19Sc38_10_eDNA_RR,CN19Sc38_10_eDNA,12S,RR,RR47,6/4/19 12:05,06-04 day,CN19S,75.0,WESTERN FLYER,,,38.0,MARS,10.0,-122.198,36.711999999999996,environmental,"SS,RR,PP","18S,12S,COI","Tube Extracts (racks E-G),Filters (racks A-D)",,CTD,,75.282,CANON,24.62,0.0366,26.1265,75.855,,,,,9.4603,33.8265,,,,,,0.4158,,,,,day,6.0,4.0,12.0,6/4/19 19:05
CN19Sc38_9_eDNA_RR,CN19Sc38_09_eDNA,12S,RR,RR48,6/4/19 12:05,06-04 day,CN19S,100.0,WESTERN FLYER,,,38.0,MARS,9.0,-122.198,36.711999999999996,environmental,"SS,RR,PP","18S,12S,COI","Tube Extracts (racks E-G),Filters (racks A-D)",,CTD,,101.15,CANON,28.109,0.0365,26.2445,101.926,,,,,9.1639,33.9154,,,,,,0.4133,,,,,day,6.0,4.0,12.0,6/4/19 19:05
CN19Sc38_8_eDNA_RR,CN19Sc38_08_eDNA,12S,RR,RR49,6/4/19 12:05,06-04 day,CN19S,130.0,WESTERN FLYER,,,38.0,MARS,8.0,-122.198,36.711999999999996,environmental,"SS,RR,PP","18S,12S,COI","Tube Extracts (racks E-G),Filters (racks A-D)",,CTD,,130.041,CANON,27.418000000000003,0.0369,26.3244,131.048,,,,,8.8753,33.9585,,,,,,0.4226,,,,,day,6.0,4.0,12.0,6/4/19 19:05
CN19Sc38_7_eDNA_RR,CN19Sc38_07_eDNA,12S,RR,RR50,6/4/19 12:05,06-04 day,CN19S,200.0,WESTERN FLYER,,,38.0,MARS,7.0,-122.198,36.711999999999996,environmental,"SS,RR,PP","18S,12S,COI","Tube Extracts (racks E-G),Filters (racks A-D)",,CTD,,199.829,CANON,26.076999999999998,0.0354,26.5103,201.41,,,,,8.1513,34.0527,,,,,,0.3852,,,,,day,6.0,4.0,12.0,6/4/19 19:05
CN19Sc38_6_eDNA_RR,CN19Sc38_06_eDNA,12S,RR,RR51,6/4/19 12:05,06-04 day,CN19S,250.0,WESTERN FLYER,,,38.0,MARS,6.0,-122.198,36.711999999999996,environmental,"SS,RR,PP","18S,12S,COI","Tube Extracts (racks E-G),Filters (racks A-D)",,CTD,,249.59900000000002,CANON,32.172,0.0355,26.6179,251.605,,,,,7.7387,34.1114,,,,,,0.3877,,,,,day,6.0,4.0,12.0,6/4/19 19:05
CN19Sc38_5_eDNA_RR,CN19Sc38_05_eDNA,12S,RR,RR52,6/4/19 12:05,06-04 day,CN19S,300.0,WESTERN FLYER,,,38.0,MARS,5.0,-122.198,36.711999999999996,environmental,"SS,RR,PP","18S,12S,COI","Tube Extracts (racks E-G),Filters (racks A-D)",,CTD,,299.20799999999997,CANON,34.675,0.0366,26.7111,301.65,,,,,7.1957,34.1311,,,,,,0.4158,,,,,day,6.0,4.0,12.0,6/4/19 19:05
CN19Sc38_4_eDNA_RR,CN19Sc38_04_eDNA,12S,RR,RR53,6/4/19 12:05,06-04 day,CN19S,400.0,WESTERN FLYER,,,38.0,MARS,4.0,-122.198,36.711999999999996,environmental,"SS,RR,PP","18S,12S,COI","Filters (racks A-D),Tube Extracts (racks E-G)",,CTD,,400.18699999999995,CANON,35.124,0.0379,26.845,403.551,,,,,6.4554,34.1727,,,,,,0.4463,,,,,day,6.0,4.0,12.0,6/4/19 19:05
CN19Sc38_3_eDNA_RR,CN19Sc38_03_eDNA,12S,RR,RR54,6/4/19 12:05,06-04 day,CN19S,500.0,WESTERN FLYER,,,38.0,MARS,3.0,-122.198,36.711999999999996,environmental,"SS,RR,PP","18S,12S,COI","Tube Extracts (racks E-G),Filters (racks A-D)",,CTD,,499.769,CANON,36.825,0.0367,26.9677,504.093,,,,,5.9157,34.2394,,,,,,0.41700000000000004,,,,,day,6.0,4.0,12.0,6/4/19 19:05
CN19Sc38_2_eDNA_RR,CN19Sc38_02_eDNA,12S,RR,RR55,6/4/19 12:05,06-04 day,CN19S,600.0,WESTERN FLYER,,,38.0,MARS,2.0,-122.198,36.711999999999996,environmental,"SS,RR,PP","18S,12S,COI","Tube Extracts (racks E-G),Filters (racks A-D)",,CTD,,599.489,CANON,38.75,0.0371,27.0987,604.822,,,,,5.3316,34.3142,,,,,,0.4276,,,,,day,6.0,4.0,12.0,6/4/19 19:05
CN19Sc38_1_eDNA_RR,CN19Sc38_01_eDNA,12S,RR,RR56,6/4/19 12:05,06-04 day,CN19S,700.0,WESTERN FLYER,,,38.0,MARS,1.0,-122.198,36.711999999999996,environmental,"SS,RR,PP","18S,12S,COI","Tube Extracts (racks E-G),Filters (racks A-D)",,CTD,,699.198,CANON,37.93,0.0383,27.1768,705.5880000000001,,,,,4.939,34.3543,,,,,,0.4563,,,,,day,6.0,4.0,12.0,6/4/19 19:05
CN19Sc28_12_eDNA_RR,CN19Sc28_12_eDNA,12S,RR,RR57,6/3/19 9:02,06-03 day,CN19S,0.0,WESTERN FLYER,,,28.0,OFFMARS_E,12.0,-122.1645,36.711999999999996,environmental,"SS,RR,PP","18S,12S,COI","Tube Extracts (racks E-G),Filters (racks A-D)",,CTD,,1.6980000000000002,CANON,0.298,0.0965,24.2484,1.7109999999999999,,,,,13.895,32.4624,,,,,,1.9115,,,,,day,6.0,3.0,9.0,6/3/19 16:02
CN19Sc28_11_eDNA_RR,CN19Sc28_11_eDNA,12S,RR,RR58,6/3/19 9:02,06-03 day,CN19S,25.0,WESTERN FLYER,,,28.0,OFFMARS_E,11.0,-122.1645,36.711999999999996,environmental,"SS,RR,PP","18S,12S,COI","Tube Extracts (racks E-G),Filters (racks A-D)",,CTD,,25.796999999999997,CANON,10.199,0.0466,25.276,25.99,,,,,11.8202,33.265,,,,,,0.6656,,,,,day,6.0,3.0,9.0,6/3/19 16:02
CN19Sc28_10_eDNA_RR,CN19Sc28_10_eDNA,12S,RR,RR59,6/3/19 9:02,06-03 day,CN19S,40.0,WESTERN FLYER,,,28.0,OFFMARS_E,10.0,-122.1645,36.711999999999996,environmental,"SS,RR,PP","18S,12S,COI","Filters (racks A-D),Tube Extracts (racks E-G)",,CTD,,40.074,CANON,20.023,0.0409,25.7695,40.376,,,,,10.3942,33.5705,,,,,,0.5235,,,,,day,6.0,3.0,9.0,6/3/19 16:02
CN19Sc28_9_eDNA_RR,CN19Sc28_09_eDNA,12S,RR,RR60,6/3/19 9:02,06-03 day,CN19S,50.0,WESTERN FLYER,,,28.0,OFFMARS_E,9.0,-122.1645,36.711999999999996,environmental,"SS,RR,PP","18S,12S,COI","Tube Extracts (racks E-G),Filters (racks A-D)",,CTD,,50.169,CANON,22.455,0.0385,25.9605,50.548,,,,,9.8973,33.7069,,,,,,0.4619,,,,,day,6.0,3.0,9.0,6/3/19 16:02
CN19Sc28_8_eDNA_RR,CN19Sc28_08_eDNA,12S,RR,RR61,6/3/19 9:02,06-03 day,CN19S,60.0,WESTERN FLYER,,,28.0,OFFMARS_E,8.0,-122.1645,36.711999999999996,environmental,"SS,RR,PP","18S,12S,COI","Tube Extracts (racks E-G),Filters (racks A-D)",,CTD,,59.792,CANON,24.334,0.0366,26.0244,60.245,,,,,9.7576,33.7587,,,,,,0.4158,,,,,day,6.0,3.0,9.0,6/3/19 16:02
CN19Sc28_7_eDNA_RR,CN19Sc28_07_eDNA,12S,RR,RR62,6/3/19 9:02,06-03 day,CN19S,100.0,WESTERN FLYER,,,28.0,OFFMARS_E,7.0,-122.1645,36.711999999999996,environmental,"SS,RR,PP","18S,12S,COI","Tube Extracts (racks E-G),Filters (racks A-D)",,CTD,,100.325,CANON,29.014,0.0368,26.2879,101.094,,,,,9.0159,33.9408,,,,,,0.4214,,,,,day,6.0,3.0,9.0,6/3/19 16:02
CN19Sc28_6_eDNA_RR,CN19Sc28_06_eDNA,12S,RR,RR63,6/3/19 9:02,06-03 day,CN19S,110.0,WESTERN FLYER,,,28.0,OFFMARS_E,6.0,-122.1645,36.711999999999996,environmental,"SS,RR,PP","18S,12S,COI","Tube Extracts (racks E-G),Filters (racks A-D)",,CTD,,110.42299999999999,CANON,28.105,0.0369,26.3183,111.273,,,,,8.8924,33.9546,,,,,,0.4226,,,,,day,6.0,3.0,9.0,6/3/19 16:02
CN19Sc28_5_eDNA_RR,CN19Sc28_05_eDNA,12S,RR,RR65,6/3/19 9:02,06-03 day,CN19S,150.0,WESTERN FLYER,,,28.0,OFFMARS_E,5.0,-122.1645,36.711999999999996,environmental,"SS,RR,PP","18S,12S,COI","Tube Extracts (racks E-G),Filters (racks A-D)",,CTD,,150.934,CANON,30.471,0.0366,26.4318,152.11,,,,,8.5007,34.021,,,,,,0.4152,,,,,day,6.0,3.0,9.0,6/3/19 16:02
CN19Sc28_4_eDNA_RR,CN19Sc28_04_eDNA,12S,RR,RR66,6/3/19 9:02,06-03 day,CN19S,165.0,WESTERN FLYER,,,28.0,OFFMARS_E,4.0,-122.1645,36.711999999999996,environmental,"SS,RR,PP","18S,12S,COI","Tube Extracts (racks E-G),Filters (racks A-D)",,CTD,,166.14,CANON,31.05,0.036000000000000004,26.4593,167.442,,,,,8.3878,34.0337,,,,,,0.4002,,,,,day,6.0,3.0,9.0,6/3/19 16:02
CN19Sc28_3_eDNA_RR,CN19Sc28_03_eDNA,12S,RR,RR67,6/3/19 9:02,06-03 day,CN19S,200.0,WESTERN FLYER,,,28.0,OFFMARS_E,3.0,-122.1645,36.711999999999996,environmental,"SS,RR,PP","18S,12S,COI","Filters (racks A-D),Tube Extracts (racks E-G)",,CTD,,200.40900000000002,CANON,32.457,0.0336,26.5278,201.99599999999998,,,,,8.0924,34.0637,,,,,,0.3398,,,,,day,6.0,3.0,9.0,6/3/19 16:02
CN19Sc28_2_eDNA_RR,CN19Sc28_02_eDNA,12S,RR,RR68,6/3/19 9:02,06-03 day,CN19S,245.0,WESTERN FLYER,,,28.0,OFFMARS_E,2.0,-122.1645,36.711999999999996,environmental,"SS,RR,PP","18S,12S,COI","Tube Extracts (racks E-G),Filters (racks A-D)",,CTD,,246.271,CANON,33.457,0.0347,26.6098,248.248,,,,,7.7225,34.0982,,,,,,0.3678,,,,,day,6.0,3.0,9.0,6/3/19 16:02
CN19Sc28_1_eDNA_RR,CN19Sc28_01_eDNA,12S,RR,RR69,6/3/19 9:02,06-03 day,CN19S,300.0,WESTERN FLYER,,,28.0,OFFMARS_E,1.0,-122.1645,36.711999999999996,environmental,"SS,RR,PP","18S,12S,COI","Tube Extracts (racks E-G),Filters (racks A-D)",,CTD,,300.277,CANON,36.013000000000005,0.0359,26.7077,302.728,,,,,7.1973,34.126999999999995,,,,,,0.3989,,,,,day,6.0,3.0,9.0,6/3/19 16:02
CN19Sc30_12_eDNA_RR,CN19Sc30_12_eDNA,12S,RR,RR70,6/3/19 15:17,06-03 day,CN19S,0.0,WESTERN FLYER,,,30.0,OFFMARS_E,12.0,-122.1643,36.7118,environmental,"SS,RR,PP","18S,12S,COI","Filters (racks A-D),Tube Extracts (racks E-G)",,CTD,,3.197,CANON,0.242,0.0748,24.1341,3.221,,,,,14.1406,32.3797,,,,,,1.3695,,,,,day,6.0,3.0,15.0,6/3/19 22:17
CN19Sc30_11_eDNA_RR,CN19Sc30_11_eDNA,12S,RR,RR71,6/3/19 15:17,06-03 day,CN19S,25.0,WESTERN FLYER,,,30.0,OFFMARS_E,11.0,-122.1643,36.7118,environmental,"SS,RR,PP","18S,12S,COI","Filters (racks A-D),Tube Extracts (racks E-G)",,CTD,,25.980999999999998,CANON,15.991,0.0448,25.5884,26.175,,,,,10.9878,33.4719,,,,,,0.6194,,,,,day,6.0,3.0,15.0,6/3/19 22:17
CN19Sc30_9_eDNA_RR,CN19Sc30_09_eDNA,12S,RR,RR72,6/3/19 15:17,06-03 day,CN19S,50.0,WESTERN FLYER,,,30.0,OFFMARS_E,9.0,-122.1643,36.7118,environmental,"SS,RR,PP","18S,12S,COI","Filters (racks A-D),Tube Extracts (racks E-G)",,CTD,,48.299,CANON,21.964000000000002,0.0381,25.9142,48.663000000000004,,,,,9.9882,33.6672,,,,,,0.4513,,,,,day,6.0,3.0,15.0,6/3/19 22:17
CN19Sc30_10_eDNA_RR,CN19Sc30_10_eDNA,12S,RR,RR73,6/3/19 15:17,06-03 day,CN19S,40.0,WESTERN FLYER,,,30.0,OFFMARS_E,10.0,-122.1643,36.7118,environmental,"SS,RR,PP","18S,12S,COI","Filters (racks A-D),Tube Extracts (racks E-G)",,CTD,,41.401,CANON,21.7,0.0412,25.8045,41.711999999999996,,,,,10.2878,33.5919,,,,,,0.5298,,,,,day,6.0,3.0,15.0,6/3/19 22:17
CN19Sc30_8_eDNA_RR,CN19Sc30_08_eDNA,12S,RR,RR74,6/3/19 15:17,06-03 day,CN19S,60.0,WESTERN FLYER,,,30.0,OFFMARS_E,8.0,-122.1643,36.7118,environmental,"SS,RR,PP","18S,12S,COI","Tube Extracts (racks E-G),Filters (racks A-D)",,CTD,,60.503,CANON,22.796,0.0384,25.965,60.961000000000006,,,,,9.8994,33.7129,,,,,,0.46,,,,,day,6.0,3.0,15.0,6/3/19 22:17
CN19Sc30_7_eDNA_RR,CN19Sc30_07_eDNA,12S,RR,RR75,6/3/19 15:17,06-03 day,CN19S,100.0,WESTERN FLYER,,,30.0,OFFMARS_E,7.0,-122.1643,36.7118,environmental,"SS,RR,PP","18S,12S,COI","Tube Extracts (racks E-G),Filters (racks A-D)",,CTD,,100.205,CANON,22.658,0.0372,26.165,100.97399999999999,,,,,9.389,33.8602,,,,,,0.4307,,,,,day,6.0,3.0,15.0,6/3/19 22:17
CN19Sc30_6_eDNA_RR,CN19Sc30_06_eDNA,12S,RR,RR76,6/3/19 15:17,06-03 day,CN19S,110.0,WESTERN FLYER,,,30.0,OFFMARS_E,6.0,-122.1643,36.7118,environmental,"SS,RR,PP","18S,12S,COI","Filters (racks A-D),Tube Extracts (racks E-G)",,CTD,,110.69200000000001,CANON,26.203000000000003,0.0366,26.2008,111.544,,,,,9.293,33.8859,,,,,,0.4158,,,,,day,6.0,3.0,15.0,6/3/19 22:17
CN19Sc30_5_eDNA_RR,CN19Sc30_05_eDNA,12S,RR,RR77,6/3/19 15:17,06-03 day,CN19S,150.0,WESTERN FLYER,,,30.0,OFFMARS_E,5.0,-122.1643,36.7118,environmental,"SS,RR,PP","18S,12S,COI","Filters (racks A-D),Tube Extracts (racks E-G)",,CTD,,150.768,CANON,25.883000000000003,0.0382,26.3892,151.94299999999998,,,,,8.6571,33.9972,,,,,,0.4531,,,,,day,6.0,3.0,15.0,6/3/19 22:17
CN19Sc30_4_eDNA_RR,CN19Sc30_04_eDNA,12S,RR,RR78,6/3/19 15:17,06-03 day,CN19S,165.0,WESTERN FLYER,,,30.0,OFFMARS_E,4.0,-122.1643,36.7118,environmental,"SS,RR,PP","18S,12S,COI","Filters (racks A-D),Tube Extracts (racks E-G)",,CTD,,165.41400000000002,CANON,30.35,0.0372,26.4203,166.71,,,,,8.5467,34.015,,,,,,0.4289,,,,,day,6.0,3.0,15.0,6/3/19 22:17
CN19Sc30_3_eDNA_RR,CN19Sc30_03_eDNA,12S,RR,RR79,6/3/19 15:17,06-03 day,CN19S,200.0,WESTERN FLYER,,,30.0,OFFMARS_E,3.0,-122.1643,36.7118,environmental,"SS,RR,PP","18S,12S,COI","Filters (racks A-D),Tube Extracts (racks E-G)",,CTD,,200.21,CANON,32.236,0.036000000000000004,26.5207,201.795,,,,,8.1206,34.0601,,,,,,0.4002,,,,,day,6.0,3.0,15.0,6/3/19 22:17
CN19Sc30_2_eDNA_RR,CN19Sc30_02_eDNA,12S,RR,RR80,6/3/19 15:17,06-03 day,CN19S,245.0,WESTERN FLYER,,,30.0,OFFMARS_E,2.0,-122.1643,36.7118,environmental,"SS,RR,PP","18S,12S,COI","Tube Extracts (racks E-G),Filters (racks A-D)",,CTD,,243.607,CANON,34.086999999999996,0.0366,26.6196,245.56099999999998,,,,,7.647,34.0968,,,,,,0.4146,,,,,day,6.0,3.0,15.0,6/3/19 22:17
CN19Sc30_1_eDNA_RR,CN19Sc30_01_eDNA,12S,RR,RR81,6/3/19 15:17,06-03 day,CN19S,300.0,WESTERN FLYER,,,30.0,OFFMARS_E,1.0,-122.1643,36.7118,environmental,"SS,RR,PP","18S,12S,COI","Filters (racks A-D),Tube Extracts (racks E-G)",,CTD,,301.597,CANON,35.617,0.0366,26.7133,304.06,,,,,7.0851,34.1144,,,,,,0.4158,,,,,day,6.0,3.0,15.0,6/3/19 22:17
CN19Sc37_12_eDNA_RR,CN19Sc37_12_eDNA,12S,RR,RR82,6/4/19 9:03,06-04 day,CN19S,0.0,WESTERN FLYER,,,37.0,OFFMARS_E,12.0,-122.1647,36.711999999999996,environmental,"SS,RR,PP","18S,12S,COI","Tube Extracts (racks E-G),Filters (racks A-D)",,CTD,,2.267,CANON,0.20600000000000002,0.0918,24.275,2.2840000000000003,,,,,13.9024,32.4988,,,,,,1.7944,,,,,day,6.0,4.0,9.0,6/4/19 16:03
CN19Sc37_11_eDNA_RR,CN19Sc37_11_eDNA,12S,RR,RR83,6/4/19 9:03,06-04 day,CN19S,10.0,WESTERN FLYER,,,37.0,OFFMARS_E,11.0,-122.1647,36.711999999999996,environmental,"SS,RR,PP","18S,12S,COI","Tube Extracts (racks E-G),Filters (racks A-D)",,CTD,,11.315,CANON,0.183,0.2103,24.6642,11.399000000000001,,,,,12.978,32.7619,,,,,,4.7584,,,,,day,6.0,4.0,9.0,6/4/19 16:03
CN19Sc37_10_eDNA_RR,CN19Sc37_10_eDNA,12S,RR,RR84,6/4/19 9:03,06-04 day,CN19S,25.0,WESTERN FLYER,,,37.0,OFFMARS_E,10.0,-122.1647,36.711999999999996,environmental,"SS,RR,PP","18S,12S,COI","Filters (racks A-D),Tube Extracts (racks E-G)",,CTD,,25.445,CANON,13.061,0.044000000000000004,25.3832,25.636,,,,,11.513,33.3301,,,,,,0.5989,,,,,day,6.0,4.0,9.0,6/4/19 16:03
CN19Sc37_9_eDNA_RR,CN19Sc37_09_eDNA,12S,RR,RR85,6/4/19 9:03,06-04 day,CN19S,40.0,WESTERN FLYER,,,37.0,OFFMARS_E,9.0,-122.1647,36.711999999999996,environmental,"SS,RR,PP","18S,12S,COI","Tube Extracts (racks E-G),Filters (racks A-D)",,CTD,,40.092,CANON,18.658,0.0419,25.7156,40.394,,,,,10.5333,33.5323,,,,,,0.5472,,,,,day,6.0,4.0,9.0,6/4/19 16:03
CN19Sc37_8_eDNA_RR,CN19Sc37_08_eDNA,12S,RR,RR86,6/4/19 9:03,06-04 day,CN19S,50.0,WESTERN FLYER,,,37.0,OFFMARS_E,8.0,-122.1647,36.711999999999996,environmental,"SS,RR,PP","18S,12S,COI","Filters (racks A-D),Tube Extracts (racks E-G)",,CTD,,50.465,CANON,20.325,0.0403,25.8329,50.846000000000004,,,,,10.1775,33.604,,,,,,0.5073,,,,,day,6.0,4.0,9.0,6/4/19 16:03
CN19Sc37_7_eDNA_RR,CN19Sc37_07_eDNA,12S,RR,RR87,6/4/19 9:03,06-04 day,CN19S,75.0,WESTERN FLYER,,,37.0,OFFMARS_E,7.0,-122.1647,36.711999999999996,environmental,"SS,RR,PP","18S,12S,COI","Filters (racks A-D),Tube Extracts (racks E-G)",,CTD,,76.119,CANON,24.233,0.0369,26.0905,76.699,,,,,9.5856,33.8066,,,,,,0.4226,,,,,day,6.0,4.0,9.0,6/4/19 16:03
CN19Sc37_6_eDNA_RR,CN19Sc37_06_eDNA,12S,RR,RR88,6/4/19 9:03,06-04 day,CN19S,100.0,WESTERN FLYER,,,37.0,OFFMARS_E,6.0,-122.1647,36.711999999999996,environmental,"SS,RR,PP","18S,12S,COI","Tube Extracts (racks E-G),Filters (racks A-D)",,CTD,,99.78200000000001,CANON,26.576999999999998,0.0458,26.2499,100.54700000000001,,,,,9.1272,33.9149,,,,,,0.6456,,,,,day,6.0,4.0,9.0,6/4/19 16:03
CN19Sc37_5_eDNA_RR,CN19Sc37_05_eDNA,12S,RR,RR89,6/4/19 9:03,06-04 day,CN19S,130.0,WESTERN FLYER,,,37.0,OFFMARS_E,5.0,-122.1647,36.711999999999996,environmental,"SS,RR,PP","18S,12S,COI","Filters (racks A-D),Tube Extracts (racks E-G)",,CTD,,129.40200000000002,CANON,27.598000000000003,0.04,26.3916,130.404,,,,,8.6421,33.9978,,,,,,0.4986,,,,,day,6.0,4.0,9.0,6/4/19 16:03
CN19Sc37_4_eDNA_RR,CN19Sc37_04_eDNA,12S,RR,RR90,6/4/19 9:03,06-04 day,CN19S,150.0,WESTERN FLYER,,,37.0,OFFMARS_E,4.0,-122.1647,36.711999999999996,environmental,"SS,RR,PP","18S,12S,COI","Tube Extracts (racks E-G),Filters (racks A-D)",,CTD,,151.36,CANON,29.248,0.0366,26.4474,152.54,,,,,8.4142,34.0239,,,,,,0.4158,,,,,day,6.0,4.0,9.0,6/4/19 16:03
CN19Sc37_3_eDNA_RR,CN19Sc37_03_eDNA,12S,RR,RR91,6/4/19 9:03,06-04 day,CN19S,200.0,WESTERN FLYER,,,37.0,OFFMARS_E,3.0,-122.1647,36.711999999999996,environmental,"SS,RR,PP","18S,12S,COI","Tube Extracts (racks E-G),Filters (racks A-D)",,CTD,,200.042,CANON,30.732,0.0354,26.5183,201.625,,,,,8.1363,34.06,,,,,,0.3852,,,,,day,6.0,4.0,9.0,6/4/19 16:03
CN19Sc37_2_eDNA_RR,CN19Sc37_02_eDNA,12S,RR,RR92,6/4/19 9:03,06-04 day,CN19S,250.0,WESTERN FLYER,,,37.0,OFFMARS_E,2.0,-122.1647,36.711999999999996,environmental,"SS,RR,PP","18S,12S,COI","Tube Extracts (racks E-G),Filters (racks A-D)",,CTD,,250.72,CANON,32.978,0.0353,26.6234,252.736,,,,,7.6761,34.1069,,,,,,0.3827,,,,,day,6.0,4.0,9.0,6/4/19 16:03
CN19Sc37_1_eDNA_RR,CN19Sc37_01_eDNA,12S,RR,RR93,6/4/19 9:03,06-04 day,CN19S,300.0,WESTERN FLYER,,,37.0,OFFMARS_E,1.0,-122.1647,36.711999999999996,environmental,"SS,RR,PP","18S,12S,COI","Tube Extracts (racks E-G),Filters (racks A-D)",,CTD,,301.0,CANON,34.573,0.0366,26.7232,303.45799999999997,,,,,7.1498,34.1382,,,,,,0.4158,,,,,day,6.0,4.0,9.0,6/4/19 16:03
CN19SESPKOA_SC60_eDNA_AT,CN19SESPKOA_SC60_eDNA,12S,AT,AT1,,,CN19S,,,,,,,,,,positive,"AD,XX,AC,YY,AE","12S,COI,12S,COI,18S",Tube Extracts (racks E-G),,ESP,,,,,,,,,,,,,,,,,,,,,,,,,,,,
CN19SESPKOA_SC58_eDNA_AT,CN19SESPKOA_SC58_eDNA,12S,AT,AT3,5/29/19 12:32,05-29 day,CN19S,32.5799,makai,58.0,KOA,,,,-122.1872,36.7141,environmental,"AD,XX,AC,YY,AE","12S,COI,12S,COI,18S",Tube Extracts (racks E-G),,ESP,,,,,,,,28.8802,36.2797,5/29/19 19:32,5/29/19 20:18,11.296,33.3426,25.4315,0.0592,8090.263000000001,2.2795,846.5602,0.5502,83.3809,149.0871,CANON,,day,5.0,29.0,12.0,5/29/19 19:32
CN19SESPKOA_SC57_eDNA_AT,CN19SESPKOA_SC57_eDNA,12S,AT,AT4,5/29/19 13:47,05-29 day,CN19S,202.5248,makai,57.0,KOA,,,,-122.1883,36.7121,environmental,"AD,XX,AC,YY,AE","12S,COI,12S,COI,18S",Tube Extracts (racks E-G),,ESP,,,,,,,,198.9915,206.058,5/29/19 20:47,5/29/19 21:28,8.0546,34.0486,26.5216,0.0742,2867.5891,-0.433,688.2216,0.0782,78.4872,146.0477,CANON,,day,5.0,29.0,13.0,5/29/19 20:47
CN19SESPKOA_SC55_eDNA_AT,CN19SESPKOA_SC55_eDNA,12S,AT,AT6,5/29/19 23:17,05-29 night,CN19S,27.476999999999997,makai,55.0,KOA,,,,-122.1864,36.7043,environmental,"AD,XX,AC,YY,AE","12S,COI,12S,COI,18S",Tube Extracts (racks E-G),,ESP,,,,,,,,23.9996,30.9544,5/30/19 6:17,5/30/19 7:00,10.5617,33.4174,25.6208,-0.0159,7492.7593,-0.3798,937.9604,0.3254,80.2178,143.2971,CANON,,night,5.0,29.0,23.0,5/30/19 6:17
CN19SESPKOA_SC54_eDNA_AT,CN19SESPKOA_SC54_eDNA,12S,AT,AT7,5/30/19 2:24,05-30 night,CN19S,27.5159,makai,54.0,KOA,,,,-122.1851,36.7127,environmental,"AD,XX,AC,YY,AE","12S,COI,12S,COI,18S",Tube Extracts (racks E-G),,ESP,,,,,,,,23.7096,31.3222,5/30/19 9:24,5/30/19 10:20,11.5062,33.3497,25.3983,0.1045,8223.554,-0.4019,854.9523,1.0959999999999999,90.7439,171.0467,CANON,,night,5.0,30.0,2.0,5/30/19 9:24
CN19SESPKOA_SC53_eDNA_AT,CN19SESPKOA_SC53_eDNA,12S,AT,AT8,5/30/19 3:52,05-30 night,CN19S,232.5614,makai,53.0,KOA,,,,-122.1862,36.7117,environmental,"AD,XX,AC,YY,AE","12S,COI,12S,COI,18S",Tube Extracts (racks E-G),,ESP,,,,,,,,228.9867,236.1361,5/30/19 10:52,5/30/19 11:33,7.7318,34.079,26.5932,0.0505,2450.5089,-0.434,657.2596,0.0812,79.0491,148.501,CANON,,night,5.0,30.0,3.0,5/30/19 10:52
CN19SESPKOA_SC52_eDNA_AT,CN19SESPKOA_SC52_eDNA,12S,AT,AT9,6/1/19 1:11,06-01 night,CN19S,32.3925,makai,52.0,KOA,,,,-122.1896,36.7145,environmental,"AD,XX,AC,YY,AE","12S,COI,12S,COI,18S",Tube Extracts (racks E-G),,ESP,,,,,,,,28.6993,36.0856,6/1/19 8:11,6/1/19 8:50,10.7903,33.478,25.6281,0.0734,7186.3756,-1.2001,850.6439,0.3123,80.4537,115.7289,CANON,,night,6.0,1.0,1.0,6/1/19 8:11
CN19SESPKOA_SC51_eDNA_AT,CN19SESPKOA_SC51_eDNA,12S,AT,AT10,6/1/19 2:22,06-01 night,CN19S,207.4414,makai,51.0,KOA,,,,-122.1908,36.7154,environmental,"AD,XX,AC,YY,AE","12S,COI,12S,COI,18S",Tube Extracts (racks E-G),,ESP,,,,,,,,203.8359,211.0469,6/1/19 9:22,6/1/19 10:04,8.022,34.0506,26.528000000000002,0.0709,2817.3616,-0.9115,674.5773,0.0781,78.7962,113.0652,CANON,,night,6.0,1.0,2.0,6/1/19 9:22
CN19SESPKOA_SC50_eDNA_AT,CN19SESPKOA_SC50_eDNA,12S,AT,AT11,6/1/19 3:24,06-01 night,CN19S,257.4664,makai,50.0,KOA,,,,-122.1876,36.7142,environmental,"AD,XX,AC,YY,AE","12S,COI,12S,COI,18S",Tube Extracts (racks E-G),,ESP,,,,,,,,253.8689,261.064,6/1/19 10:24,6/1/19 11:05,7.6406,34.1016,26.6245,0.0551,2152.9731,-0.9203,622.6629,0.0818,76.4031,109.4824,CANON,,night,6.0,1.0,3.0,6/1/19 10:24
CN19SESPKOA_SC49_eDNA_AT,CN19SESPKOA_SC49_eDNA,12S,AT,AT12,6/1/19 10:03,06-01 day,CN19S,22.8734,makai,49.0,KOA,,,,-122.1854,36.7182,environmental,"AD,XX,AC,YY,AE","12S,COI,12S,COI,18S",Tube Extracts (racks E-G),,ESP,,,,,,,,18.872,26.8748,6/1/19 17:03,6/1/19 17:49,12.0274,33.2781,25.247,0.1457,8232.8314,4.68,827.6855,0.5351,86.6701,127.4762,CANON,,day,6.0,1.0,10.0,6/1/19 17:03
CN19SESPKOA_SC48_eDNA_AT,CN19SESPKOA_SC48_eDNA,12S,AT,AT13,6/1/19 11:11,06-01 day,CN19S,97.4843,makai,48.0,KOA,,,,-122.1824,36.72,environmental,"AD,XX,AC,YY,AE","12S,COI,12S,COI,18S",Tube Extracts (racks E-G),,ESP,,,,,,,,93.7962,101.1723,6/1/19 18:11,6/1/19 18:50,9.2671,33.8891,26.2073,0.1377,4215.63,-0.7611,732.186,0.0819,79.477,112.4545,CANON,,day,6.0,1.0,11.0,6/1/19 18:11
CN19SESPKOA_SC47_eDNA_AT,CN19SESPKOA_SC47_eDNA,12S,AT,AT14,6/1/19 12:22,06-01 day,CN19S,272.5781,makai,47.0,KOA,,,,-122.1828,36.7173,environmental,"AD,XX,AC,YY,AE","12S,COI,12S,COI,18S",Tube Extracts (racks E-G),,ESP,,,,,,,,269.0078,276.1484,6/1/19 19:22,6/1/19 20:03,7.369,34.1144,26.6734,0.0263,1919.2774,-0.8954,577.0326,0.0835,76.3395,108.6237,CANON,,day,6.0,1.0,12.0,6/1/19 19:22
CN19SESPKOA_SC46_eDNA_AT,CN19SESPKOA_SC46_eDNA,12S,AT,AT15,6/1/19 22:26,06-01 night,CN19S,22.4514,makai,46.0,KOA,,,,-122.1878,36.7164,environmental,"AD,XX,AC,YY,AE","12S,COI,12S,COI,18S",Tube Extracts (racks E-G),,ESP,,,,,,,,18.8059,26.0968,6/2/19 5:26,6/2/19 6:15,11.2692,33.4026,25.4835,0.1011,7488.6924,-0.8245,846.3802,0.29,80.1072,112.6117,CANON,,night,6.0,1.0,22.0,6/2/19 5:26
CN19SESPKOA_SC45_eDNA_AT,CN19SESPKOA_SC45_eDNA,12S,AT,AT16,6/1/19 23:41,06-01 night,CN19S,122.419,makai,45.0,KOA,,,,-122.1881,36.7201,environmental,"AD,XX,AC,YY,AE","12S,COI,12S,COI,18S",Tube Extracts (racks E-G),,ESP,,,,,,,,118.8411,125.9968,6/2/19 6:41,6/2/19 7:22,8.9945,33.9513,26.2999,0.1428,3863.3245,-0.8474,722.6486,0.0796,80.0573,114.3768,CANON,,night,6.0,1.0,23.0,6/2/19 6:41
CN19SESPKOA_SC44_eDNA_AT,CN19SESPKOA_SC44_eDNA,12S,AT,AT17,6/2/19 0:50,06-02 night,CN19S,257.4031,makai,44.0,KOA,,,,-122.1888,36.715,environmental,"AD,XX,AC,YY,AE","12S,COI,12S,COI,18S",Tube Extracts (racks E-G),,ESP,,,,,,,,253.6994,261.1068,6/2/19 7:50,6/2/19 8:30,7.5633,34.1067,26.6395,0.0479,2085.8979999999997,-0.8640000000000001,620.9997,0.0817,76.4777,108.6806,CANON,,night,6.0,2.0,0.0,6/2/19 7:50
CN19SESPKOA_SC43_eDNA_AT,CN19SESPKOA_SC43_eDNA,12S,AT,AT18,6/2/19 12:05,06-02 day,CN19S,57.467,makai,43.0,KOA,,,,-122.1921,36.713,environmental,"AD,XX,AC,YY,AE","12S,COI,12S,COI,18S",Tube Extracts (racks E-G),,ESP,,,,,,,,53.7971,61.1369,6/2/19 19:05,6/2/19 19:46,9.9042,33.6855,25.9427,0.0826,5418.1479,0.7124,838.9698,0.1228,80.3783,114.04,CANON,,day,6.0,2.0,12.0,6/2/19 19:05
CN19SESPKOA_SC42_eDNA_AT,CN19SESPKOA_SC42_eDNA,12S,AT,AT19,6/2/19 13:06,06-02 day,CN19S,117.4955,makai,42.0,KOA,,,,-122.1937,36.7158,environmental,"AD,XX,AC,YY,AE","12S,COI,12S,COI,18S",Tube Extracts (racks E-G),,ESP,,,,,,,,113.8597,121.1313,6/2/19 20:06,6/2/19 20:47,9.0523,33.9427,26.2839,0.1453,3876.1619,-0.7828,770.9668,0.0821,79.5542,113.3268,CANON,,day,6.0,2.0,13.0,6/2/19 20:06
CN19SESPKOA_SC41_eDNA_AT,CN19SESPKOA_SC41_eDNA,12S,AT,AT20,6/2/19 14:14,06-02 day,CN19S,252.455,makai,41.0,KOA,,,,-122.1899,36.7146,environmental,"AD,XX,AC,YY,AE","12S,COI,12S,COI,18S",Tube Extracts (racks E-G),,ESP,,,,,,,,248.7109,256.1991,6/2/19 21:14,6/2/19 21:59,7.678999999999999,34.0917,26.6111,0.0528,2317.3577,-0.8478,630.4713,0.0841,76.7699,109.0324,CANON,,day,6.0,2.0,14.0,6/2/19 21:14
CN19SESPKOA_SC40_eDNA_AT,CN19SESPKOA_SC40_eDNA,12S,AT,AT21,6/2/19 22:17,06-02 night,CN19S,42.4538,makai,40.0,KOA,,,,-122.1892,36.71,environmental,"AD,XX,AC,YY,AE","12S,COI,12S,COI,18S",Tube Extracts (racks E-G),,ESP,,,,,,,,38.8671,46.0405,6/3/19 5:17,6/3/19 6:01,10.3167,33.5648,25.7784,0.057999999999999996,6434.8418,-0.6158,862.6312,0.1916,79.62,112.0195,CANON,,night,6.0,2.0,22.0,6/3/19 5:17
CN19SESPKOA_SC39_eDNA_AT,CN19SESPKOA_SC39_eDNA,12S,AT,AT22,6/2/19 23:31,06-02 night,CN19S,217.4611,makai,39.0,KOA,,,,-122.1911,36.7134,environmental,"AD,XX,AC,YY,AE","12S,COI,12S,COI,18S",Tube Extracts (racks E-G),,ESP,,,,,,,,213.7799,221.1424,6/3/19 6:31,6/3/19 7:12,7.9303,34.0542,26.5445,0.0601,2866.4842,-0.4814,673.9252,0.0822,77.0914,109.3344,CANON,,night,6.0,2.0,23.0,6/3/19 6:31
CN19SESPKOA_SC38_eDNA_AT,CN19SESPKOA_SC38_eDNA,12S,AT,AT23,6/3/19 0:33,06-03 night,CN19S,282.4613,makai,38.0,KOA,,,,-122.1898,36.7136,environmental,"AD,XX,AC,YY,AE","12S,COI,12S,COI,18S",Tube Extracts (racks E-G),,ESP,,,,,,,,278.8516,286.0711,6/3/19 7:33,6/3/19 8:16,7.5203,34.1014,26.6419,0.0376,2147.2834,-0.4967,605.6619,0.0834,77.132,110.3724,CANON,,night,6.0,3.0,0.0,6/3/19 7:33
CN19SESPKOA_SC37_eDNA_AT,CN19SESPKOA_SC37_eDNA,12S,AT,AT24,6/3/19 12:28,06-03 day,CN19S,52.4737,makai,37.0,KOA,,,,-122.18799999999999,36.7144,environmental,"AD,XX,AC,YY,AE","12S,COI,12S,COI,18S",Tube Extracts (racks E-G),,ESP,,,,,,,,48.9257,56.0218,6/3/19 19:28,6/3/19 20:11,10.0249,33.6221,25.8729,0.053,5989.0506,1.2133,827.8587,0.1514,79.7356,112.4597,CANON,,day,6.0,3.0,12.0,6/3/19 19:28
CN19SESPKOA_SC36_eDNA_AT,CN19SESPKOA_SC36_eDNA,12S,AT,AT25,6/3/19 13:31,06-03 day,CN19S,102.5343,makai,36.0,KOA,,,,-122.1864,36.7163,environmental,"AD,XX,AC,YY,AE","12S,COI,12S,COI,18S",Tube Extracts (racks E-G),,ESP,,,,,,,,98.9276,106.1411,6/3/19 20:31,6/3/19 21:16,9.3094,33.8737,26.1884,0.1324,4309.3907,-0.3877,765.3530000000001,0.092,79.4301,112.6808,CANON,,day,6.0,3.0,13.0,6/3/19 20:31
CN19SESPKOA_SC35_eDNA_AT,CN19SESPKOA_SC35_eDNA,12S,AT,AT26,6/3/19 14:32,06-03 day,CN19S,112.465,makai,35.0,KOA,,,,-122.1855,36.7154,environmental,"AD,XX,AC,YY,AE","12S,COI,12S,COI,18S",Tube Extracts (racks E-G),,ESP,,,,,,,,108.8581,116.072,6/3/19 21:32,6/3/19 22:15,9.1035,33.9139,26.2531,0.1307,4139.624,-0.4312,758.6151,0.0901,80.0074,114.3216,CANON,,day,6.0,3.0,14.0,6/3/19 21:32
CN19SESPKOA_SC34_eDNA_AT,CN19SESPKOA_SC34_eDNA,12S,AT,AT27,6/3/19 15:34,06-03 day,CN19S,152.5842,makai,34.0,KOA,,,,-122.1831,36.711999999999996,environmental,"AD,XX,AC,YY,AE","12S,COI,12S,COI,18S",Tube Extracts (racks E-G),,ESP,,,,,,,,148.875,156.2935,6/3/19 22:34,6/3/19 23:20,8.6883,33.9714,26.3641,0.1102,3926.3725,-0.4628,730.3812,0.0887,80.7806,116.1035,CANON,,day,6.0,3.0,15.0,6/3/19 22:34
CN19SESPKOA_SC11_eDNA_AT,CN19SESPKOA_SC11_eDNA,12S,AT,AT28,6/5/19 14:08,06-05 day,CN19S,87.0948,makai,11.0,KOA,,,,-122.1913,36.7097,environmental,"AD,XX,AC,YY,AE","12S,COI,12S,COI,18S",Tube Extracts (racks E-G),,ESP,,,,,,,,81.4949,92.6948,6/5/19 21:08,6/5/19 21:51,9.4038,33.8325,26.1407,0.1153,4620.8,-1.5054,830.0429,0.0971,78.2904,110.5611,CANON,,day,6.0,5.0,14.0,6/5/19 21:08
CN19SESPKOA_SC09_eDNA_AT,CN19SESPKOA_SC09_eDNA,12S,AT,AT30,6/5/19 20:38,06-05 transition,CN19S,282.1061,makai,9.0,KOA,,,,-122.1912,36.7098,environmental,"AD,XX,AC,YY,AE","12S,COI,12S,COI,18S",Tube Extracts (racks E-G),,ESP,,,,,,,,277.0391,287.1731,6/6/19 3:38,6/6/19 4:23,7.5475,34.1047,26.6406,0.044000000000000004,2092.6315,-0.413,632.8566,0.0857,77.0171,110.18700000000001,CANON,,transition,6.0,5.0,20.0,6/6/19 3:38
CN19SESPKOA_SC08_eDNA_AT,CN19SESPKOA_SC08_eDNA,12S,AT,AT31,6/5/19 23:08,06-05 night,CN19S,22.3776,makai,8.0,KOA,,,,-122.1848,36.7153,environmental,"AD,XX,AC,YY,AE","12S,COI,12S,COI,18S",Tube Extracts (racks E-G),,ESP,,,,,,,,17.7883,26.9668,6/6/19 6:08,6/6/19 7:03,11.2678,33.2994,25.4032,0.0191,7765.7921,-0.3825,848.8483,0.5969,84.9709,123.6788,CANON,,night,6.0,5.0,23.0,6/6/19 6:08
CN19SESPKOA_SC07_eDNA_AT,CN19SESPKOA_SC07_eDNA,12S,AT,AT32,6/6/19 0:21,06-06 night,CN19S,52.3205,makai,7.0,KOA,,,,-122.1852,36.7156,environmental,"AD,XX,AC,YY,AE","12S,COI,12S,COI,18S",Tube Extracts (racks E-G),,ESP,,,,,,,,46.8318,57.8091,6/6/19 7:21,6/6/19 8:04,10.1746,33.6394,25.8611,0.0925,5951.8783,-0.3827,817.153,0.1438,77.6797,108.4201,CANON,,night,6.0,6.0,0.0,6/6/19 7:21
CN19SESPKOA_SC06_eDNA_AT,CN19SESPKOA_SC06_eDNA,12S,AT,AT33,6/6/19 1:24,06-06 night,CN19S,102.1287,makai,6.0,KOA,,,,-122.1859,36.7155,environmental,"AD,XX,AC,YY,AE","12S,COI,12S,COI,18S",Tube Extracts (racks E-G),,ESP,,,,,,,,97.4711,106.7863,6/6/19 8:24,6/6/19 9:07,9.2865,33.8869,26.2025,0.1392,4176.1203,-0.3942,768.3183,0.0928,78.7311,111.0515,CANON,,night,6.0,6.0,1.0,6/6/19 8:24
CN19SESPKOA_SC05_eDNA_AT,CN19SESPKOA_SC05_eDNA,12S,AT,AT34,6/6/19 2:24,06-06 night,CN19S,121.5597,makai,5.0,KOA,,,,-122.1853,36.7126,environmental,"AD,XX,AC,YY,AE","12S,COI,12S,COI,18S",Tube Extracts (racks E-G),,ESP,,,,,,,,116.5152,126.6042,6/6/19 9:24,6/6/19 10:06,9.1251,33.9214,26.2557,0.1402,4025.2129,-0.3988,761.3031,0.0858,79.5004,112.9721,CANON,,night,6.0,6.0,2.0,6/6/19 9:24
CN19SESPKOA_SC04_eDNA_AT,CN19SESPKOA_SC04_eDNA,12S,AT,AT35,6/6/19 3:24,06-06 night,CN19S,146.6775,makai,4.0,KOA,,,,-122.1872,36.71,environmental,"AD,XX,AC,YY,AE","12S,COI,12S,COI,18S",Tube Extracts (racks E-G),,ESP,,,,,,,,141.2949,152.06,6/6/19 10:24,6/6/19 11:05,8.8717,33.9651,26.3305,0.1342,3747.9861,-0.3961,748.982,0.0843,80.2649,114.8364,CANON,,night,6.0,6.0,3.0,6/6/19 10:24
CN19SESPKOA_SC03_eDNA_AT,CN19SESPKOA_SC03_eDNA,12S,AT,AT36,6/6/19 4:25,06-06 night,CN19S,199.2941,makai,3.0,KOA,,,,-122.1893,36.711,environmental,"AD,XX,AC,YY,AE","12S,COI,12S,COI,18S",Tube Extracts (racks E-G),,ESP,,,,,,,,190.9863,207.6019,6/6/19 11:25,6/6/19 12:09,8.347000000000001,34.0243,26.4586,0.0992,3343.6569,-0.3973,700.6458,0.0802,78.0935,111.4209,CANON,,night,6.0,6.0,4.0,6/6/19 11:25
CN19SESPMV1_SC60_eDNA_AT,CN19SESPMV1_SC60_eDNA,12S,AT,AT38,,,CN19S,,,,,,,,,,positive,"AD,XX,AC,YY,AE","12S,COI,12S,COI,18S",Tube Extracts (racks E-G),,ESP,,,,,,,,,,,,,,,,,,,,,,,,,,,,
CN19SESPMV1_SC58_eDNA_AT,CN19SESPMV1_SC58_eDNA,12S,AT,AT40,5/29/19 2:42,05-29 night,CN19S,17.6279,daphne,58.0,MV1,,,,-122.1861,36.7062,environmental,"AD,XX,AC,YY,AE","12S,COI,12S,COI,18S",Tube Extracts (racks E-G),,ESP,,,,,,,,13.8784,21.3774,5/29/19 9:42,5/29/19 10:07,12.8234,33.1916,25.0274,0.2338,8740.9927,0.1949,911.8581,2.7972,100.9675,109.2667,CANON,,night,5.0,29.0,2.0,5/29/19 9:42
CN19SESPMV1_SC57_eDNA_AT,CN19SESPMV1_SC57_eDNA,12S,AT,AT41,,,CN19S,35.0,,,,,,,,,environmental,"AD,XX,AC,YY,AE","12S,COI,12S,COI,18S","Filters (racks A-D),Tube Extracts (racks E-G)",,ESP,,,,,,,,,,,,,,,,,,,,,,,,,,,,
CN19SESPMV1_SC55_eDNA_AT,CN19SESPMV1_SC55_eDNA,12S,AT,AT42,5/30/19 1:02,05-30 night,CN19S,232.4912,daphne,55.0,MV1,,,,-122.1962,36.7099,environmental,"AD,XX,AC,YY,AE","12S,COI,12S,COI,18S",Tube Extracts (racks E-G),,ESP,,,,,,,,228.8915,236.0909,5/30/19 8:02,5/30/19 8:48,7.8247,34.0715,26.5738,0.0581,2638.5764,0.2546,727.6419,0.126,76.2983,65.0814,CANON,,night,5.0,30.0,1.0,5/30/19 8:02
CN19SESPMV1_SC54_eDNA_AT,CN19SESPMV1_SC54_eDNA,12S,AT,AT43,5/30/19 2:09,05-30 night,CN19S,282.5468,daphne,54.0,MV1,,,,-122.1953,36.7063,environmental,"AD,XX,AC,YY,AE","12S,COI,12S,COI,18S",Tube Extracts (racks E-G),,ESP,,,,,,,,278.9685,286.125,5/30/19 9:09,5/30/19 9:54,7.2932,34.1056,26.6773,0.0086,2150.2782,0.2734,692.8876,0.1312,75.5649,63.9748,CANON,,night,5.0,30.0,2.0,5/30/19 9:09
CN19SESPMV1_SC53_eDNA_AT,CN19SESPMV1_SC53_eDNA,12S,AT,AT44,5/30/19 12:20,05-30 day,CN19S,47.5118,daphne,53.0,MV1,,,,-122.1857,36.7078,environmental,"AD,XX,AC,YY,AE","12S,COI,12S,COI,18S",Tube Extracts (racks E-G),,ESP,,,,,,,,43.8535,51.1701,5/30/19 19:20,5/30/19 19:43,10.1783,33.6389,25.8599,0.0927,5316.8023,10.8367,862.8086,0.1859,77.6729,66.3224,CANON,,day,5.0,30.0,12.0,5/30/19 19:20
CN19SESPMV1_SC52_eDNA_AT,CN19SESPMV1_SC52_eDNA,12S,AT,AT45,5/30/19 22:10,05-30 night,CN19S,37.531,daphne,52.0,MV1,,,,-122.1854,36.7101,environmental,"AD,XX,AC,YY,AE","12S,COI,12S,COI,18S",Tube Extracts (racks E-G),,ESP,,,,,,,,33.8312,41.2309,5/31/19 5:10,5/31/19 5:57,10.4377,33.5555,25.7502,0.07200000000000001,5781.5903,0.2612,856.7247,0.2512,77.4135,66.3559,CANON,,night,5.0,30.0,22.0,5/31/19 5:10
CN19SESPMV1_SC51_eDNA_AT,CN19SESPMV1_SC51_eDNA,12S,AT,AT46,5/30/19 23:27,05-30 night,CN19S,212.4281,daphne,51.0,MV1,,,,-122.1813,36.7053,environmental,"AD,XX,AC,YY,AE","12S,COI,12S,COI,18S",Tube Extracts (racks E-G),,ESP,,,,,,,,208.8711,215.985,5/31/19 6:27,5/31/19 7:12,7.9246,34.0606,26.5504,0.0643,2741.8704,0.2708,718.6874,0.125,76.4842,65.1178,CANON,,night,5.0,30.0,23.0,5/31/19 6:27
CN19SESPMV1_SC50_eDNA_AT,CN19SESPMV1_SC50_eDNA,12S,AT,AT47,5/31/19 23:23,05-31 night,CN19S,32.4372,daphne,50.0,MV1,,,,-122.1899,36.6906,environmental,"AD,XX,AC,YY,AE","12S,COI,12S,COI,18S",Tube Extracts (racks E-G),,ESP,,,,,,,,28.8301,36.0444,6/1/19 6:23,6/1/19 7:09,10.9234,33.47,25.5982,0.0911,6609.5765,0.2396,1084.8871,0.3881,79.4461,69.8349,CANON,,night,5.0,31.0,23.0,6/1/19 6:23
CN19SESPMV1_SC49_eDNA_AT,CN19SESPMV1_SC49_eDNA,12S,AT,AT48,6/1/19 0:40,06-01 night,CN19S,207.4803,daphne,49.0,MV1,,,,-122.1897,36.6881,environmental,"AD,XX,AC,YY,AE","12S,COI,12S,COI,18S",Tube Extracts (racks E-G),,ESP,,,,,,,,203.8996,211.06099999999998,6/1/19 7:40,6/1/19 8:24,8.2184,34.0522,26.5,0.1016,2807.3471,0.2356,891.1205,0.1266,77.0053,65.6445,CANON,,night,6.0,1.0,0.0,6/1/19 7:40
CN19Sc03_12_eDNA_JJ,CN19Sc03_12_eDNA,12S,JJ,JJ1,5/30/19 23:12,05-30 night,CN19S,0.0,WESTERN FLYER,,,3.0,MARS,12.0,-122.1972,36.7203,environmental,"JJ,KK,LL","12S,COI,18S","Tube Extracts (racks E-G),Filters (racks A-D)",,CTD,,1.266,CANON,6.1770000000000005,0.1053,25.1581,1.275,,,,,12.3844,33.2512,,,,,,2.1332,,,,,night,5.0,30.0,23.0,5/31/19 6:12
CN19Sc03_10_eDNA_JJ,CN19Sc03_10_eDNA,12S,JJ,JJ2,5/30/19 23:12,05-30 night,CN19S,40.0,WESTERN FLYER,,,3.0,MARS,10.0,-122.1972,36.7203,environmental,"JJ,KK,LL","12S,COI,18S","Filters (racks A-D),Tube Extracts (racks E-G)",,CTD,,40.141999999999996,CANON,18.74,0.0391,25.7698,40.444,,,,,10.3123,33.5529,,,,,,0.4768,,,,,night,5.0,30.0,23.0,5/31/19 6:12
CN19Sc03_9_eDNA_JJ,CN19Sc03_09_eDNA,12S,JJ,JJ3,5/30/19 23:12,05-30 night,CN19S,80.0,WESTERN FLYER,,,3.0,MARS,9.0,-122.1972,36.7203,environmental,"JJ,KK,LL","12S,COI,18S","Tube Extracts (racks E-G),Filters (racks A-D)",,CTD,,80.528,CANON,25.593000000000004,0.0333,26.174,81.142,,,,,9.3859,33.8715,,,,,,0.331,,,,,night,5.0,30.0,23.0,5/31/19 6:12
CN19Sc03_7_eDNA_JJ,CN19Sc03_07_eDNA,12S,JJ,JJ4,5/30/19 23:12,05-30 night,CN19S,150.0,WESTERN FLYER,,,3.0,MARS,7.0,-122.1972,36.7203,environmental,"JJ,KK,LL","12S,COI,18S","Tube Extracts (racks E-G),Filters (racks A-D)",,CTD,,149.85,CANON,29.195,0.0331,26.4123,151.018,,,,,8.5976,34.0151,,,,,,0.3273,,,,,night,5.0,30.0,23.0,5/31/19 6:12
CN19Sc03_5_eDNA_JJ,CN19Sc03_05_eDNA,12S,JJ,JJ5,5/30/19 23:12,05-30 night,CN19S,250.0,WESTERN FLYER,,,3.0,MARS,5.0,-122.1972,36.7203,environmental,"JJ,KK,LL","12S,COI,18S","Filters (racks A-D),Tube Extracts (racks E-G)",,CTD,,249.115,CANON,33.498000000000005,0.0345,26.6529,251.11700000000002,,,,,7.4106,34.0962,,,,,,0.3622,,,,,night,5.0,30.0,23.0,5/31/19 6:12
CN19Sc03_4_eDNA_JJ,CN19Sc03_04_eDNA,12S,JJ,JJ6,5/30/19 23:12,05-30 night,CN19S,300.0,WESTERN FLYER,,,3.0,MARS,4.0,-122.1972,36.7203,environmental,"JJ,KK,LL","12S,COI,18S","Filters (racks A-D),Tube Extracts (racks E-G)",,CTD,,300.149,CANON,35.399,0.0336,26.713,302.599,,,,,7.1294,34.1217,,,,,,0.3398,,,,,night,5.0,30.0,23.0,5/31/19 6:12
CN19Sc03_3_eDNA_JJ,CN19Sc03_03_eDNA,12S,JJ,JJ7,5/30/19 23:12,05-30 night,CN19S,400.0,WESTERN FLYER,,,3.0,MARS,3.0,-122.1972,36.7203,environmental,"JJ,KK,LL","12S,COI,18S","Filters (racks A-D),Tube Extracts (racks E-G)",,CTD,,399.76199999999994,CANON,37.979,0.0339,26.8703,403.12199999999996,,,,,6.3242,34.1831,,,,,,0.34600000000000003,,,,,night,5.0,30.0,23.0,5/31/19 6:12
CN19Sc03_1_eDNA_JJ,CN19Sc03_01_eDNA,12S,JJ,JJ8,5/30/19 23:12,05-30 night,CN19S,600.0,WESTERN FLYER,,,3.0,MARS,1.0,-122.1972,36.7203,environmental,"JJ,KK,LL","12S,COI,18S","Filters (racks A-D),Tube Extracts (racks E-G)",,CTD,,600.361,CANON,40.595,0.0358,27.0533,605.703,,,,,5.497000000000001,34.2816,,,,,,0.3952,,,,,night,5.0,30.0,23.0,5/31/19 6:12
CN19Sc10_12_eDNA_JJ,CN19Sc10_12_eDNA,12S,JJ,JJ9,5/31/19 12:44,05-31 day,CN19S,0.0,WESTERN FLYER,,,10.0,MARS,12.0,-122.1985,36.7125,environmental,"JJ,KK,LL","12S,COI,18S","Tube Extracts (racks E-G),Filters (racks A-D)",,CTD,,2.7119999999999997,CANON,3.489,0.1777,24.9882,2.7319999999999998,,,,,12.8341,33.1442,,,,,,3.9423,,,,,day,5.0,31.0,12.0,5/31/19 19:44
CN19Sc10_10_eDNA_JJ,CN19Sc10_10_eDNA,12S,JJ,JJ10,5/31/19 12:44,05-31 day,CN19S,50.0,WESTERN FLYER,,,10.0,MARS,10.0,-122.1985,36.7125,environmental,"JJ,KK,LL","12S,COI,18S","Tube Extracts (racks E-G),Filters (racks A-D)",,CTD,,48.129,CANON,20.558000000000003,0.0368,25.8555,48.492,,,,,10.1273,33.6222,,,,,,0.4195,,,,,day,5.0,31.0,12.0,5/31/19 19:44
CN19Sc10_9_eDNA_JJ,CN19Sc10_09_eDNA,12S,JJ,JJ11,5/31/19 12:44,05-31 day,CN19S,80.0,WESTERN FLYER,,,10.0,MARS,9.0,-122.1985,36.7125,environmental,"JJ,KK,LL","12S,COI,18S","Tube Extracts (racks E-G),Filters (racks A-D)",,CTD,,80.499,CANON,26.673000000000002,0.034,26.1963,81.113,,,,,9.3358,33.8897,,,,,,0.3497,,,,,day,5.0,31.0,12.0,5/31/19 19:44
CN19Sc10_7_eDNA_JJ,CN19Sc10_07_eDNA,12S,JJ,JJ12,5/31/19 12:44,05-31 day,CN19S,150.0,WESTERN FLYER,,,10.0,MARS,7.0,-122.1985,36.7125,environmental,"JJ,KK,LL","12S,COI,18S","Filters (racks A-D),Tube Extracts (racks E-G)",,CTD,,150.812,CANON,29.346,0.0337,26.3938,151.987,,,,,8.6794,34.0076,,,,,,0.3416,,,,,day,5.0,31.0,12.0,5/31/19 19:44
CN19Sc10_5_eDNA_JJ,CN19Sc10_05_eDNA,12S,JJ,JJ13,5/31/19 12:44,05-31 day,CN19S,285.0,WESTERN FLYER,,,10.0,MARS,5.0,-122.1985,36.7125,environmental,"JJ,KK,LL","12S,COI,18S","Filters (racks A-D),Tube Extracts (racks E-G)",,CTD,,282.605,CANON,33.226,0.0342,26.697,284.9,,,,,7.2621,34.1252,,,,,,0.3541,,,,,day,5.0,31.0,12.0,5/31/19 19:44
CN19Sc10_4_eDNA_JJ,CN19Sc10_04_eDNA,12S,JJ,JJ14,5/31/19 12:44,05-31 day,CN19S,400.0,WESTERN FLYER,,,10.0,MARS,4.0,-122.1985,36.7125,environmental,"JJ,KK,LL","12S,COI,18S","Tube Extracts (racks E-G),Filters (racks A-D)",,CTD,,400.311,CANON,38.491,0.0363,26.8633,403.67699999999996,,,,,6.375,34.1827,,,,,,0.4071,,,,,day,5.0,31.0,12.0,5/31/19 19:44
CN19Sc10_3_eDNA_JJ,CN19Sc10_03_eDNA,12S,JJ,JJ15,5/31/19 12:44,05-31 day,CN19S,500.0,WESTERN FLYER,,,10.0,MARS,3.0,-122.1985,36.7125,environmental,"JJ,KK,LL","12S,COI,18S","Filters (racks A-D),Tube Extracts (racks E-G)",,CTD,,501.455,CANON,40.708,0.0365,26.9812,505.795,,,,,5.8341,34.2437,,,,,,0.4121,,,,,day,5.0,31.0,12.0,5/31/19 19:44
CN19Sc10_2_eDNA_JJ,CN19Sc10_02_eDNA,12S,JJ,JJ16,5/31/19 12:44,05-31 day,CN19S,600.0,WESTERN FLYER,,,10.0,MARS,2.0,-122.1985,36.7125,environmental,"JJ,KK,LL","12S,COI,18S","Filters (racks A-D),Tube Extracts (racks E-G)",,CTD,,598.877,CANON,40.718,0.0364,27.0809,604.203,,,,,5.4179,34.3046,,,,,,0.4108,,,,,day,5.0,31.0,12.0,5/31/19 19:44
CN19Sc10_1_eDNA_JJ,CN19Sc10_01_eDNA,12S,JJ,JJ17,5/31/19 12:44,05-31 day,CN19S,700.0,WESTERN FLYER,,,10.0,MARS,1.0,-122.1985,36.7125,environmental,"JJ,KK,LL","12S,COI,18S","Filters (racks A-D),Tube Extracts (racks E-G)",,CTD,,701.085,CANON,41.843,0.0372,27.183000000000003,707.4960000000001,,,,,4.9137,34.3585,,,,,,0.4295,,,,,day,5.0,31.0,12.0,5/31/19 19:44
CN19Sc11_10_eDNA_JJ,CN19Sc11_10_eDNA,12S,JJ,JJ18,5/31/19 18:11,05-31 transition,CN19S,45.0,WESTERN FLYER,,,11.0,MARS,10.0,-122.1982,36.7122,environmental,"JJ,KK,LL","12S,COI,18S","Filters (racks A-D),Tube Extracts (racks E-G)",,CTD,,44.898,CANON,24.208000000000002,0.0453,25.7098,45.236999999999995,,,,,10.5135,33.5202,,,,,,0.6319,,,,,transition,5.0,31.0,18.0,6/1/19 1:11
CN19Sc11_7_eDNA_JJ,CN19Sc11_07_eDNA,12S,JJ,JJ19,5/31/19 18:11,05-31 transition,CN19S,150.0,WESTERN FLYER,,,11.0,MARS,7.0,-122.1982,36.7122,environmental,"JJ,KK,LL","12S,COI,18S","Filters (racks A-D),Tube Extracts (racks E-G)",,CTD,,148.725,CANON,26.221,0.0335,26.445999999999998,149.884,,,,,8.4801,34.0351,,,,,,0.3373,,,,,transition,5.0,31.0,18.0,6/1/19 1:11
CN19Sc11_5_eDNA_JJ,CN19Sc11_05_eDNA,12S,JJ,JJ20,5/31/19 18:11,05-31 transition,CN19S,280.0,WESTERN FLYER,,,11.0,MARS,5.0,-122.1982,36.7122,environmental,"JJ,KK,LL","12S,COI,18S","Tube Extracts (racks E-G),Filters (racks A-D)",,CTD,,280.618,CANON,34.872,0.0336,26.6754,282.895,,,,,7.3924,34.121,,,,,,0.3398,,,,,transition,5.0,31.0,18.0,6/1/19 1:11
CN19Sc12_12_eDNA_JJ,CN19Sc12_12_eDNA,12S,JJ,JJ21,6/1/19 0:11,06-01 night,CN19S,0.0,WESTERN FLYER,,,12.0,MARS,12.0,-122.1983,36.711999999999996,environmental,"JJ,KK,LL","12S,COI,18S","Tube Extracts (racks E-G),Filters (racks A-D)",,CTD,,2.5989999999999998,CANON,3.748,0.1263,24.9674,2.6180000000000003,,,,,12.6176,33.063,,,,,,2.6572,,,,,night,6.0,1.0,0.0,6/1/19 7:11
CN19Sc12_10_eDNA_JJ,CN19Sc12_10_eDNA,12S,JJ,JJ22,6/1/19 0:11,06-01 night,CN19S,45.0,WESTERN FLYER,,,12.0,MARS,10.0,-122.1983,36.711999999999996,environmental,"JJ,KK,LL","12S,COI,18S","Tube Extracts (racks E-G),Filters (racks A-D)",,CTD,,44.66,CANON,18.18,0.045,25.783,44.996,,,,,10.1496,33.5342,,,,,,0.6251,,,,,night,6.0,1.0,0.0,6/1/19 7:11
CN19Sc12_9_eDNA_JJ,CN19Sc12_09_eDNA,12S,JJ,JJ23,6/1/19 0:11,06-01 night,CN19S,80.0,WESTERN FLYER,,,12.0,MARS,9.0,-122.1983,36.711999999999996,environmental,"JJ,KK,LL","12S,COI,18S","Tube Extracts (racks E-G),Filters (racks A-D)",,CTD,,80.76,CANON,24.035,0.0354,26.0495,81.376,,,,,9.6766,33.7732,,,,,,0.3846,,,,,night,6.0,1.0,0.0,6/1/19 7:11
CN19Sc12_7_eDNA_JJ,CN19Sc12_07_eDNA,12S,JJ,JJ24,6/1/19 0:11,06-01 night,CN19S,150.0,WESTERN FLYER,,,12.0,MARS,7.0,-122.1983,36.711999999999996,environmental,"JJ,KK,LL","12S,COI,18S","Filters (racks A-D),Tube Extracts (racks E-G)",,CTD,,150.102,CANON,28.329,0.0342,26.3708,151.27200000000002,,,,,8.7668,33.9956,,,,,,0.3535,,,,,night,6.0,1.0,0.0,6/1/19 7:11
CN19Sc12_5_eDNA_JJ,CN19Sc12_05_eDNA,12S,JJ,JJ25,6/1/19 0:11,06-01 night,CN19S,280.0,WESTERN FLYER,,,12.0,MARS,5.0,-122.1983,36.711999999999996,environmental,"JJ,KK,LL","12S,COI,18S","Filters (racks A-D),Tube Extracts (racks E-G)",,CTD,,280.15,CANON,35.372,0.0337,26.6908,282.423,,,,,7.3251,34.1285,,,,,,0.341,,,,,night,6.0,1.0,0.0,6/1/19 7:11
CN19Sc12_4_eDNA_JJ,CN19Sc12_04_eDNA,12S,JJ,JJ26,6/1/19 0:11,06-01 night,CN19S,400.0,WESTERN FLYER,,,12.0,MARS,4.0,-122.1983,36.711999999999996,environmental,"JJ,KK,LL","12S,COI,18S","Tube Extracts (racks E-G),Filters (racks A-D)",,CTD,,400.741,CANON,38.751999999999995,0.035,26.8537,404.111,,,,,6.4331,34.1801,,,,,,0.374,,,,,night,6.0,1.0,0.0,6/1/19 7:11
CN19Sc12_3_eDNA_JJ,CN19Sc12_03_eDNA,12S,JJ,JJ27,6/1/19 0:11,06-01 night,CN19S,500.0,WESTERN FLYER,,,12.0,MARS,3.0,-122.1983,36.711999999999996,environmental,"JJ,KK,LL","12S,COI,18S","Tube Extracts (racks E-G),Filters (racks A-D)",,CTD,,499.348,CANON,38.568000000000005,0.0354,26.9576,503.667,,,,,5.9523,34.2325,,,,,,0.3846,,,,,night,6.0,1.0,0.0,6/1/19 7:11
CN19Sc12_2_eDNA_JJ,CN19Sc12_02_eDNA,12S,JJ,JJ28,6/1/19 0:11,06-01 night,CN19S,600.0,WESTERN FLYER,,,12.0,MARS,2.0,-122.1983,36.711999999999996,environmental,"JJ,KK,LL","12S,COI,18S","Tube Extracts (racks E-G),Filters (racks A-D)",,CTD,,599.134,CANON,39.763000000000005,0.0355,27.0622,604.4630000000001,,,,,5.5184,34.2962,,,,,,0.3877,,,,,night,6.0,1.0,0.0,6/1/19 7:11
CN19Sc12_1_eDNA_JJ,CN19Sc12_01_eDNA,12S,JJ,JJ29,6/1/19 0:11,06-01 night,CN19S,700.0,WESTERN FLYER,,,12.0,MARS,1.0,-122.1983,36.711999999999996,environmental,"JJ,KK,LL","12S,COI,18S","Tube Extracts (racks E-G),Filters (racks A-D)",,CTD,,700.4689999999999,CANON,42.729,0.036000000000000004,27.1773,706.872,,,,,4.9309,34.3537,,,,,,0.4002,,,,,night,6.0,1.0,0.0,6/1/19 7:11
CN19Sc13_10_eDNA_JJ,CN19Sc13_10_eDNA,12S,JJ,JJ30,6/1/19 6:15,06-01 transition,CN19S,45.0,WESTERN FLYER,,,13.0,MARS,10.0,-122.1957,36.7063,environmental,"JJ,KK,LL","12S,COI,18S","Tube Extracts (racks E-G),Filters (racks A-D)",,CTD,,46.7,CANON,21.194000000000003,0.0382,25.9217,47.052,,,,,9.9735,33.6737,,,,,,0.4538,,,,,transition,6.0,1.0,6.0,6/1/19 13:15
CN19Sc13_7_eDNA_JJ,CN19Sc13_07_eDNA,12S,JJ,JJ31,6/1/19 6:15,06-01 transition,CN19S,150.0,WESTERN FLYER,,,13.0,MARS,7.0,-122.1957,36.7063,environmental,"JJ,KK,LL","12S,COI,18S","Tube Extracts (racks E-G),Filters (racks A-D)",,CTD,,149.874,CANON,29.12,0.0339,26.4368,151.042,,,,,8.5111,34.0294,,,,,,0.3472,,,,,transition,6.0,1.0,6.0,6/1/19 13:15
CN19Sc13_5_eDNA_JJ,CN19Sc13_05_eDNA,12S,JJ,JJ33,6/1/19 6:15,06-01 transition,CN19S,280.0,WESTERN FLYER,,,13.0,MARS,5.0,-122.1957,36.7063,environmental,"JJ,KK,LL","12S,COI,18S","Tube Extracts (racks E-G),Filters (racks A-D)",,CTD,,281.699,CANON,34.61,0.0336,26.6927,283.985,,,,,7.2886,34.1244,,,,,,0.3398,,,,,transition,6.0,1.0,6.0,6/1/19 13:15
CN19Sc13Bongo_eDNA_JJ,CN19Sc13_bongo_eDNA,12S,JJ,JJ34,,,CN19S,,,,,13.0,,,,,environmental,"JJ,KK,LL","12S,COI,18S","Filters (racks A-D),Tube Extracts (racks E-G)",,Net_Filtrate,,,,,,,,,,,,,,,,,,,,,,,,,,,,
CN19Sc15_12_eDNA_JJ,CN19Sc15_12_eDNA,12S,JJ,JJ35,6/1/19 12:11,06-01 day,CN19S,0.0,WESTERN FLYER,,,15.0,MARS,12.0,-122.1982,36.7122,environmental,"JJ,KK,LL","12S,COI,18S","Filters (racks A-D),Tube Extracts (racks E-G)",,CTD,,2.905,CANON,0.402,0.1365,24.6871,2.927,,,,,13.1686,32.8406,,,,,,2.9132,,,,,day,6.0,1.0,12.0,6/1/19 19:11
CN19Sc15_10_eDNA_JJ,CN19Sc15_10_eDNA,12S,JJ,JJ36,6/1/19 12:11,06-01 day,CN19S,45.0,WESTERN FLYER,,,15.0,MARS,10.0,-122.1982,36.7122,environmental,"JJ,KK,LL","12S,COI,18S","Tube Extracts (racks E-G),Filters (racks A-D)",,CTD,,46.943000000000005,CANON,21.519000000000002,0.0372,25.9264,47.297,,,,,9.9964,33.6847,,,,,,0.4295,,,,,day,6.0,1.0,12.0,6/1/19 19:11
CN19Sc15_9_eDNA_JJ,CN19Sc15_09_eDNA,12S,JJ,JJ37,6/1/19 12:11,06-01 day,CN19S,80.0,WESTERN FLYER,,,15.0,MARS,9.0,-122.1982,36.7122,environmental,"JJ,KK,LL","12S,COI,18S","Tube Extracts (racks E-G),Filters (racks A-D)",,CTD,,80.83,CANON,24.973000000000003,0.0345,26.1534,81.446,,,,,9.3837,33.8447,,,,,,0.3615,,,,,day,6.0,1.0,12.0,6/1/19 19:11
CN19Sc15_7_eDNA_JJ,CN19Sc15_07_eDNA,12S,JJ,JJ38,6/1/19 12:11,06-01 day,CN19S,150.0,WESTERN FLYER,,,15.0,MARS,7.0,-122.1982,36.7122,environmental,"JJ,KK,LL","12S,COI,18S","Tube Extracts (racks E-G),Filters (racks A-D)",,CTD,,150.494,CANON,29.56,0.0343,26.4326,151.667,,,,,8.5264,34.0269,,,,,,0.3578,,,,,day,6.0,1.0,12.0,6/1/19 19:11
CN19Sc15_5_eDNA_JJ,CN19Sc15_05_eDNA,12S,JJ,JJ39,6/1/19 12:11,06-01 day,CN19S,280.0,WESTERN FLYER,,,15.0,MARS,5.0,-122.1982,36.7122,environmental,"JJ,KK,LL","12S,COI,18S","Tube Extracts (racks E-G),Filters (racks A-D)",,CTD,,281.404,CANON,34.553000000000004,0.0336,26.7043,283.687,,,,,7.2554,34.1332,,,,,,0.3404,,,,,day,6.0,1.0,12.0,6/1/19 19:11
CN19Sc15_4_eDNA_JJ,CN19Sc15_04_eDNA,12S,JJ,JJ40,6/1/19 12:11,06-01 day,CN19S,400.0,WESTERN FLYER,,,15.0,MARS,4.0,-122.1982,36.7122,environmental,"JJ,KK,LL","12S,COI,18S","Tube Extracts (racks E-G),Filters (racks A-D)",,CTD,,400.586,CANON,35.029,0.0354,26.8665,403.954,,,,,6.4270000000000005,34.1952,,,,,,0.384,,,,,day,6.0,1.0,12.0,6/1/19 19:11
CN19Sc15_3_eDNA_JJ,CN19Sc15_03_eDNA,12S,JJ,JJ41,6/1/19 12:11,06-01 day,CN19S,500.0,WESTERN FLYER,,,15.0,MARS,3.0,-122.1982,36.7122,environmental,"JJ,KK,LL","12S,COI,18S","Tube Extracts (racks E-G),Filters (racks A-D)",,CTD,,500.75199999999995,CANON,37.817,0.0361,26.9727,505.085,,,,,5.8693,34.2385,,,,,,0.4027,,,,,day,6.0,1.0,12.0,6/1/19 19:11
CN19Sc15_2_eDNA_JJ,CN19Sc15_02_eDNA,12S,JJ,JJ42,6/1/19 12:11,06-01 day,CN19S,600.0,WESTERN FLYER,,,15.0,MARS,2.0,-122.1982,36.7122,environmental,"JJ,KK,LL","12S,COI,18S","Tube Extracts (racks E-G),Filters (racks A-D)",,CTD,,600.555,CANON,40.272,0.0366,27.1004,605.898,,,,,5.3147,34.3138,,,,,,0.4158,,,,,day,6.0,1.0,12.0,6/1/19 19:11
CN19Sc15_1_eDNA_JJ,CN19Sc15_01_eDNA,12S,JJ,JJ43,6/1/19 12:11,06-01 day,CN19S,700.0,WESTERN FLYER,,,15.0,MARS,1.0,-122.1982,36.7122,environmental,"JJ,KK,LL","12S,COI,18S","Tube Extracts (racks E-G),Filters (racks A-D)",,CTD,,701.6030000000001,CANON,41.169,0.036000000000000004,27.179000000000002,708.0189999999999,,,,,4.9324,34.3561,,,,,,0.4002,,,,,day,6.0,1.0,12.0,6/1/19 19:11
CN19Sc15Bongo_eDNA_JJ,CN19Sc15_bongo_eDNA,12S,JJ,JJ44,,,CN19S,,,,,15.0,,,,,environmental,"JJ,KK,LL","12S,COI,18S","Filters (racks A-D),Tube Extracts (racks E-G)",,Net_Filtrate,,,,,,,,,,,,,,,,,,,,,,,,,,,,
CN19Sc16_10_eDNA_JJ,CN19Sc16_10_eDNA,12S,JJ,JJ45,6/1/19 18:03,06-01 transition,CN19S,45.0,WESTERN FLYER,,,16.0,MARS,10.0,-122.198,36.7122,environmental,"JJ,KK,LL","12S,COI,18S","Filters (racks A-D),Tube Extracts (racks E-G)",,CTD,,45.532,CANON,18.767,0.0399,25.8259,45.875,,,,,10.1326,33.5854,,,,,,0.498,,,,,transition,6.0,1.0,18.0,6/2/19 1:03
CN19Sc16_9_eDNA_JJ,CN19Sc16_09_eDNA,12S,JJ,JJ46,6/1/19 18:03,06-01 transition,CN19S,80.0,WESTERN FLYER,,,16.0,MARS,9.0,-122.198,36.7122,environmental,"JJ,KK,LL","12S,COI,18S","Filters (racks A-D),Tube Extracts (racks E-G)",,CTD,,79.94800000000001,CANON,23.785,0.0342,26.0948,80.557,,,,,9.542,33.8029,,,,,,0.3535,,,,,transition,6.0,1.0,18.0,6/2/19 1:03
CN19Sc16_5_eDNA_JJ,CN19Sc16_05_eDNA,12S,JJ,JJ47,6/1/19 18:03,06-01 transition,CN19S,280.0,WESTERN FLYER,,,16.0,MARS,5.0,-122.198,36.7122,environmental,"JJ,KK,LL","12S,COI,18S","Filters (racks A-D),Tube Extracts (racks E-G)",,CTD,,279.867,CANON,34.263000000000005,0.0336,26.6616,282.137,,,,,7.5075,34.1242,,,,,,0.3404,,,,,transition,6.0,1.0,18.0,6/2/19 1:03
CN19Sc18_12_eDNA_JJ,CN19Sc18_12_eDNA,12S,JJ,JJ48,6/2/19 0:08,06-02 night,CN19S,0.0,WESTERN FLYER,,,18.0,MARS,12.0,-122.1983,36.7132,environmental,"JJ,KK,LL","12S,COI,18S","Tube Extracts (racks E-G),Filters (racks A-D)",,CTD,,1.808,CANON,0.81,0.1721,24.7864,1.821,,,,,12.9758,32.9196,,,,,,3.8028,,,,,night,6.0,2.0,0.0,6/2/19 7:08
CN19Sc18_10_eDNA_JJ,CN19Sc18_10_eDNA,12S,JJ,JJ49,6/2/19 0:08,06-02 night,CN19S,45.0,WESTERN FLYER,,,18.0,MARS,10.0,-122.1983,36.7132,environmental,"JJ,KK,LL","12S,COI,18S","Filters (racks A-D),Tube Extracts (racks E-G)",,CTD,,45.678000000000004,CANON,20.649,0.0372,25.9006,46.022,,,,,9.9569,33.6431,,,,,,0.4295,,,,,night,6.0,2.0,0.0,6/2/19 7:08
CN19Sc18_9_eDNA_JJ,CN19Sc18_09_eDNA,12S,JJ,JJ50,6/2/19 0:08,06-02 night,CN19S,80.0,WESTERN FLYER,,,18.0,MARS,9.0,-122.1983,36.7132,environmental,"JJ,KK,LL","12S,COI,18S","Filters (racks A-D),Tube Extracts (racks E-G)",,CTD,,80.34100000000001,CANON,24.566,0.0354,26.1352,80.953,,,,,9.4251,33.8301,,,,,,0.3846,,,,,night,6.0,2.0,0.0,6/2/19 7:08
CN19Sc18_8_eDNA_JJ,CN19Sc18_08_eDNA,12S,JJ,JJ51,6/2/19 0:08,06-02 night,CN19S,100.0,WESTERN FLYER,,,18.0,MARS,8.0,-122.1983,36.7132,environmental,"JJ,KK,LL","12S,COI,18S","Filters (racks A-D),Tube Extracts (racks E-G)",,CTD,,100.26,CANON,26.63,0.0339,26.2593,101.029,,,,,9.1544,33.9325,,,,,,0.3472,,,,,night,6.0,2.0,0.0,6/2/19 7:08
CN19Sc18_7_eDNA_JJ,CN19Sc18_07_eDNA,12S,JJ,JJ52,6/2/19 0:08,06-02 night,CN19S,150.0,WESTERN FLYER,,,18.0,MARS,7.0,-122.1983,36.7132,environmental,"JJ,KK,LL","12S,COI,18S","Filters (racks A-D),Tube Extracts (racks E-G)",,CTD,,150.033,CANON,24.923000000000002,0.0344,26.4214,151.202,,,,,8.5583,34.0189,,,,,,0.3591,,,,,night,6.0,2.0,0.0,6/2/19 7:08
CN19Sc18_5_eDNA_JJ,CN19Sc18_05_eDNA,12S,JJ,JJ53,6/2/19 0:08,06-02 night,CN19S,280.0,WESTERN FLYER,,,18.0,MARS,5.0,-122.1983,36.7132,environmental,"JJ,KK,LL","12S,COI,18S","Filters (racks A-D),Tube Extracts (racks E-G)",,CTD,,280.55400000000003,CANON,33.931999999999995,0.0346,26.6892,282.83,,,,,7.3464,34.1302,,,,,,0.3647,,,,,night,6.0,2.0,0.0,6/2/19 7:08
CN19Sc18_4_eDNA_JJ,CN19Sc18_04_eDNA,12S,JJ,JJ54,6/2/19 0:08,06-02 night,CN19S,400.0,WESTERN FLYER,,,18.0,MARS,4.0,-122.1983,36.7132,environmental,"JJ,KK,LL","12S,COI,18S","Filters (racks A-D),Tube Extracts (racks E-G)",,CTD,,399.024,CANON,38.978,0.036000000000000004,26.8389,402.37800000000004,,,,,6.5839,34.1864,,,,,,0.4008,,,,,night,6.0,2.0,0.0,6/2/19 7:08
CN19Sc18_3_eDNA_JJ,CN19Sc18_03_eDNA,12S,JJ,JJ55,6/2/19 0:08,06-02 night,CN19S,500.0,WESTERN FLYER,,,18.0,MARS,3.0,-122.1983,36.7132,environmental,"JJ,KK,LL","12S,COI,18S","Filters (racks A-D),Tube Extracts (racks E-G)",,CTD,,500.038,CANON,39.133,0.0359,26.9562,504.36400000000003,,,,,5.9161,34.2249,,,,,,0.3977,,,,,night,6.0,2.0,0.0,6/2/19 7:08
CN19Sc18_2_eDNA_JJ,CN19Sc18_02_eDNA,12S,JJ,JJ56,6/2/19 0:08,06-02 night,CN19S,600.0,WESTERN FLYER,,,18.0,MARS,2.0,-122.1983,36.7132,environmental,"JJ,KK,LL","12S,COI,18S","Filters (racks A-D),Tube Extracts (racks E-G)",,CTD,,600.437,CANON,41.177,0.0361,27.0885,605.779,,,,,5.3858,34.3095,,,,,,0.4027,,,,,night,6.0,2.0,0.0,6/2/19 7:08
CN19Sc18Bongo_eDNA_JJ,CN19Sc18_bongo_eDNA,12S,JJ,JJ57,,,CN19S,,,,,18.0,,,,,environmental,"JJ,KK,LL","12S,COI,18S","Filters (racks A-D),Tube Extracts (racks E-G)",,Net_Filtrate,,,,,,,,,,,,,,,,,,,,,,,,,,,,
CN19Sc20_10_eDNA_JJ,CN19Sc20_10_eDNA,12S,JJ,JJ58,6/2/19 6:04,06-02 transition,CN19S,45.0,WESTERN FLYER,,,20.0,MARS,10.0,-122.1982,36.7122,environmental,"JJ,KK,LL","12S,COI,18S","Filters (racks A-D),Tube Extracts (racks E-G)",,CTD,,46.012,CANON,18.75,0.0397,25.8329,46.358999999999995,,,,,10.0966,33.5865,,,,,,0.4911,,,,,transition,6.0,2.0,6.0,6/2/19 13:04
CN19Sc20_9_eDNA_JJ,CN19Sc20_09_eDNA,12S,JJ,JJ59,6/2/19 6:04,06-02 transition,CN19S,80.0,WESTERN FLYER,,,20.0,MARS,9.0,-122.1982,36.7122,environmental,"JJ,KK,LL","12S,COI,18S","Tube Extracts (racks E-G),Filters (racks A-D)",,CTD,,79.078,CANON,18.386,0.0366,26.1175,79.681,,,,,9.4805,33.819,,,,,,0.4146,,,,,transition,6.0,2.0,6.0,6/2/19 13:04
CN19Sc20_6_eDNA_JJ,CN19Sc20_06_eDNA,12S,JJ,JJ60,6/2/19 6:04,06-02 transition,CN19S,225.0,WESTERN FLYER,,,20.0,MARS,6.0,-122.1982,36.7122,environmental,"JJ,KK,LL","12S,COI,18S","Filters (racks A-D),Tube Extracts (racks E-G)",,CTD,,222.63400000000001,CANON,,0.035,26.5727,224.40900000000002,,,,,7.9241,34.0888,,,,,,0.3752,,,,,transition,6.0,2.0,6.0,6/2/19 13:04
CN19Sc21_12_eDNA_JJ,CN19Sc21_12_eDNA,12S,JJ,JJ61,6/2/19 12:05,06-02 day,CN19S,0.0,WESTERN FLYER,,,21.0,MARS,12.0,-122.198,36.7125,environmental,"JJ,KK,LL","12S,COI,18S","Filters (racks A-D),Tube Extracts (racks E-G)",,CTD,,2.594,CANON,0.41100000000000003,0.0636,24.4947,2.613,,,,,13.6262,32.7103,,,,,,1.0898,,,,,day,6.0,2.0,12.0,6/2/19 19:05
CN19Sc21_10_eDNA_JJ,CN19Sc21_10_eDNA,12S,JJ,JJ62,6/2/19 12:05,06-02 day,CN19S,55.0,WESTERN FLYER,,,21.0,MARS,10.0,-122.198,36.7125,environmental,"JJ,KK,LL","12S,COI,18S","Tube Extracts (racks E-G),Filters (racks A-D)",,CTD,,55.333,CANON,24.209,0.0366,25.9822,55.751000000000005,,,,,9.8563,33.7259,,,,,,0.4158,,,,,day,6.0,2.0,12.0,6/2/19 19:05
CN19Sc21_9_eDNA_JJ,CN19Sc21_09_eDNA,12S,JJ,JJ63,6/2/19 12:05,06-02 day,CN19S,80.0,WESTERN FLYER,,,21.0,MARS,9.0,-122.198,36.7125,environmental,"JJ,KK,LL","12S,COI,18S","Filters (racks A-D),Tube Extracts (racks E-G)",,CTD,,79.791,CANON,26.226,0.0355,26.1165,80.399,,,,,9.4948,33.8207,,,,,,0.3889,,,,,day,6.0,2.0,12.0,6/2/19 19:05
CN19Sc21_6_eDNA_JJ,CN19Sc21_06_eDNA,12S,JJ,JJ65,6/2/19 12:05,06-02 day,CN19S,250.0,WESTERN FLYER,,,21.0,MARS,6.0,-122.198,36.7125,environmental,"JJ,KK,LL","12S,COI,18S","Filters (racks A-D),Tube Extracts (racks E-G)",,CTD,,250.64,CANON,32.848,0.0336,26.6358,252.655,,,,,7.6399,34.116,,,,,,0.3404,,,,,day,6.0,2.0,12.0,6/2/19 19:05
CN19Sc21_5_eDNA_JJ,CN19Sc21_05_eDNA,12S,JJ,JJ66,6/2/19 12:05,06-02 day,CN19S,300.0,WESTERN FLYER,,,21.0,MARS,5.0,-122.198,36.7125,environmental,"JJ,KK,LL","12S,COI,18S","Filters (racks A-D),Tube Extracts (racks E-G)",,CTD,,300.985,CANON,36.957,0.0351,26.7198,303.443,,,,,7.2001,34.1428,,,,,,0.3784,,,,,day,6.0,2.0,12.0,6/2/19 19:05
CN19Sc21_4_eDNA_JJ,CN19Sc21_04_eDNA,12S,JJ,JJ67,6/2/19 12:05,06-02 day,CN19S,400.0,WESTERN FLYER,,,21.0,MARS,4.0,-122.198,36.7125,environmental,"JJ,KK,LL","12S,COI,18S","Tube Extracts (racks E-G),Filters (racks A-D)",,CTD,,401.098,CANON,39.228,0.036000000000000004,26.8375,404.471,,,,,6.6022,34.1876,,,,,,0.3996,,,,,day,6.0,2.0,12.0,6/2/19 19:05
CN19Sc21_3_eDNA_JJ,CN19Sc21_03_eDNA,12S,JJ,JJ68,6/2/19 12:05,06-02 day,CN19S,500.0,WESTERN FLYER,,,21.0,MARS,3.0,-122.198,36.7125,environmental,"JJ,KK,LL","12S,COI,18S","Filters (racks A-D),Tube Extracts (racks E-G)",,CTD,,500.869,CANON,42.233000000000004,0.0378,26.9614,505.204,,,,,5.9037,34.2295,,,,,,0.4432,,,,,day,6.0,2.0,12.0,6/2/19 19:05
CN19Sc21_2_eDNA_JJ,CN19Sc21_02_eDNA,12S,JJ,JJ69,6/2/19 12:05,06-02 day,CN19S,600.0,WESTERN FLYER,,,21.0,MARS,2.0,-122.198,36.7125,environmental,"JJ,KK,LL","12S,COI,18S","Tube Extracts (racks E-G),Filters (racks A-D)",,CTD,,600.346,CANON,44.309,0.0366,27.1019,605.687,,,,,5.3135,34.3155,,,,,,0.4158,,,,,day,6.0,2.0,12.0,6/2/19 19:05
CN19Sc21_1_eDNA_JJ,CN19Sc21_01_eDNA,12S,JJ,JJ70,6/2/19 12:05,06-02 day,CN19S,700.0,WESTERN FLYER,,,21.0,MARS,1.0,-122.198,36.7125,environmental,"JJ,KK,LL","12S,COI,18S","Tube Extracts (racks E-G),Filters (racks A-D)",,CTD,,701.068,CANON,38.023,0.0372,27.1765,707.4780000000001,,,,,4.9465,34.355,,,,,,0.4295,,,,,day,6.0,2.0,12.0,6/2/19 19:05
CN19Sc21Bongo_eDNA_JJ,CN19Sc21_bongo_eDNA,12S,JJ,JJ71,,,CN19S,,,,,21.0,,,,,environmental,"JJ,KK,LL","12S,COI,18S","Filters (racks A-D),Tube Extracts (racks E-G)",,Net_Filtrate,,,,,,,,,,,,,,,,,,,,,,,,,,,,
CN19Sc23_10_eDNA_JJ,CN19Sc23_10_eDNA,12S,JJ,JJ72,6/2/19 18:02,06-02 transition,CN19S,55.0,WESTERN FLYER,,,23.0,MARS,10.0,-122.1983,36.711999999999996,environmental,"JJ,KK,LL","12S,COI,18S","Tube Extracts (racks E-G),Filters (racks A-D)",,CTD,,53.978,CANON,18.393,0.0396,25.8793,54.386,,,,,10.023,33.6298,,,,,,0.4905,,,,,transition,6.0,2.0,18.0,6/3/19 1:02
CN19Sc23_8_eDNA_JJ,CN19Sc23_08_eDNA,12S,JJ,JJ73,6/2/19 18:02,06-02 transition,CN19S,115.0,WESTERN FLYER,,,23.0,MARS,8.0,-122.1983,36.711999999999996,environmental,"JJ,KK,LL","12S,COI,18S","Tube Extracts (racks E-G),Filters (racks A-D)",,CTD,,114.464,CANON,24.093000000000004,0.0353,26.2979,115.346,,,,,9.0438,33.9589,,,,,,0.3827,,,,,transition,6.0,2.0,18.0,6/3/19 1:02
CN19Sc23_6_eDNA_JJ,CN19Sc23_06_eDNA,12S,JJ,JJ74,6/2/19 18:02,06-02 transition,CN19S,250.0,WESTERN FLYER,,,23.0,MARS,6.0,-122.1983,36.711999999999996,environmental,"JJ,KK,LL","12S,COI,18S","Tube Extracts (racks E-G),Filters (racks A-D)",,CTD,,250.892,CANON,34.954,0.0363,26.6317,252.90900000000002,,,,,7.6416,34.1111,,,,,,0.4077,,,,,transition,6.0,2.0,18.0,6/3/19 1:02
CN19Sc25_12_eDNA_JJ,CN19Sc25_12_eDNA,12S,JJ,JJ75,6/3/19 0:13,06-03 night,CN19S,0.0,WESTERN FLYER,,,25.0,MARS,12.0,-122.199,36.711999999999996,environmental,"JJ,KK,LL","12S,COI,18S","Filters (racks A-D),Tube Extracts (racks E-G)",,CTD,,2.537,CANON,0.062,0.1205,24.4459,2.556,,,,,13.4483,32.6008,,,,,,2.5133,,,,,night,6.0,3.0,0.0,6/3/19 7:13
CN19Sc25_10_eDNA_JJ,CN19Sc25_10_eDNA,12S,JJ,JJ76,6/3/19 0:13,06-03 night,CN19S,40.0,WESTERN FLYER,,,25.0,MARS,10.0,-122.199,36.711999999999996,environmental,"JJ,KK,LL","12S,COI,18S","Filters (racks A-D),Tube Extracts (racks E-G)",,CTD,,39.817,CANON,18.915,0.0415,25.7889,40.117,,,,,10.2923,33.573,,,,,,0.5379,,,,,night,6.0,3.0,0.0,6/3/19 7:13
CN19Sc25_9_eDNA_JJ,CN19Sc25_09_eDNA,12S,JJ,JJ77,6/3/19 0:13,06-03 night,CN19S,80.0,WESTERN FLYER,,,25.0,MARS,9.0,-122.199,36.711999999999996,environmental,"JJ,KK,LL","12S,COI,18S","Tube Extracts (racks E-G),Filters (racks A-D)",,CTD,,79.806,CANON,25.857,0.0358,26.1138,80.415,,,,,9.4976,33.8179,,,,,,0.3952,,,,,night,6.0,3.0,0.0,6/3/19 7:13
CN19Sc25_7_eDNA_JJ,CN19Sc25_07_eDNA,12S,JJ,JJ78,6/3/19 0:13,06-03 night,CN19S,150.0,WESTERN FLYER,,,25.0,MARS,7.0,-122.199,36.711999999999996,environmental,"JJ,KK,LL","12S,COI,18S","Tube Extracts (racks E-G),Filters (racks A-D)",,CTD,,149.28,CANON,28.881999999999998,0.0363,26.3568,150.44299999999998,,,,,8.8307,33.9904,,,,,,0.4064,,,,,night,6.0,3.0,0.0,6/3/19 7:13
CN19Sc25_6_eDNA_JJ,CN19Sc25_06_eDNA,12S,JJ,JJ79,6/3/19 0:13,06-03 night,CN19S,215.0,WESTERN FLYER,,,25.0,MARS,6.0,-122.199,36.711999999999996,environmental,"JJ,KK,LL","12S,COI,18S","Filters (racks A-D),Tube Extracts (racks E-G)",,CTD,,214.946,CANON,32.894,0.0354,26.5501,216.655,,,,,7.9846,34.0716,,,,,,0.3852,,,,,night,6.0,3.0,0.0,6/3/19 7:13
CN19Sc25_5_eDNA_JJ,CN19Sc25_05_eDNA,12S,JJ,JJ80,6/3/19 0:13,06-03 night,CN19S,280.0,WESTERN FLYER,,,25.0,MARS,5.0,-122.199,36.711999999999996,environmental,"JJ,KK,LL","12S,COI,18S","Filters (racks A-D),Tube Extracts (racks E-G)",,CTD,,279.487,CANON,33.729,0.0357,26.6646,281.754,,,,,7.4644,34.1201,,,,,,0.3927,,,,,night,6.0,3.0,0.0,6/3/19 7:13
CN19Sc25_4_eDNA_JJ,CN19Sc25_04_eDNA,12S,JJ,JJ81,6/3/19 0:13,06-03 night,CN19S,400.0,WESTERN FLYER,,,25.0,MARS,4.0,-122.199,36.711999999999996,environmental,"JJ,KK,LL","12S,COI,18S","Tube Extracts (racks E-G),Filters (racks A-D)",,CTD,,400.462,CANON,34.672,0.0366,26.8416,403.829,,,,,6.5633,34.1863,,,,,,0.4158,,,,,night,6.0,3.0,0.0,6/3/19 7:13
CN19Sc25_2_eDNA_JJ,CN19Sc25_02_eDNA,12S,JJ,JJ82,6/3/19 0:13,06-03 night,CN19S,600.0,WESTERN FLYER,,,25.0,MARS,2.0,-122.199,36.711999999999996,environmental,"JJ,KK,LL","12S,COI,18S","Tube Extracts (racks E-G),Filters (racks A-D)",,CTD,,600.135,CANON,39.508,0.0377,27.0812,605.474,,,,,5.4255,34.3061,,,,,,0.4419,,,,,night,6.0,3.0,0.0,6/3/19 7:13
CN19Sc25_1_eDNA_JJ,CN19Sc25_01_eDNA,12S,JJ,JJ83,6/3/19 0:13,06-03 night,CN19S,700.0,WESTERN FLYER,,,25.0,MARS,1.0,-122.199,36.711999999999996,environmental,"JJ,KK,LL","12S,COI,18S","Filters (racks A-D),Tube Extracts (racks E-G)",,CTD,,702.3969999999999,CANON,40.14,0.0379,27.1616,708.822,,,,,5.0261,34.3476,,,,,,0.4475,,,,,night,6.0,3.0,0.0,6/3/19 7:13
CN19Sc25Bongo_eDNA_JJ,CN19Sc25_bongo_eDNA,12S,JJ,JJ84,,,CN19S,,,,,25.0,,,,,environmental,"JJ,KK,LL","12S,COI,18S","Filters (racks A-D),Tube Extracts (racks E-G)",,Net_Filtrate,,,,,,,,,,,,,,,,,,,,,,,,,,,,
CN19Sc27_10_eDNA_JJ,CN19Sc27_10_eDNA,12S,JJ,JJ85,6/3/19 6:01,06-03 transition,CN19S,40.0,WESTERN FLYER,,,27.0,MARS,10.0,-122.1982,36.7122,environmental,"JJ,KK,LL","12S,COI,18S","Filters (racks A-D),Tube Extracts (racks E-G)",,CTD,,40.586,CANON,18.977999999999998,0.0421,25.7824,40.891999999999996,,,,,10.3176,33.5702,,,,,,0.5522,,,,,transition,6.0,3.0,6.0,6/3/19 13:01
CN19Sc27_6_eDNA_JJ,CN19Sc27_06_eDNA,12S,JJ,JJ86,6/3/19 6:01,06-03 transition,CN19S,215.0,WESTERN FLYER,,,27.0,MARS,6.0,-122.1982,36.7122,environmental,"JJ,KK,LL","12S,COI,18S","Filters (racks A-D),Tube Extracts (racks E-G)",,CTD,,215.132,CANON,28.266,0.0352,26.5393,216.843,,,,,8.0043,34.0615,,,,,,0.3808,,,,,transition,6.0,3.0,6.0,6/3/19 13:01
CN19Sc27_5_eDNA_JJ,CN19Sc27_05_eDNA,12S,JJ,JJ87,6/3/19 6:01,06-03 transition,CN19S,280.0,WESTERN FLYER,,,27.0,MARS,5.0,-122.1982,36.7122,environmental,"JJ,KK,LL","12S,COI,18S","Tube Extracts (racks E-G),Filters (racks A-D)",,CTD,,280.709,CANON,33.982,0.0358,26.6513,282.986,,,,,7.5305,34.1153,,,,,,0.3964,,,,,transition,6.0,3.0,6.0,6/3/19 13:01
CN19Sc22_8_eDNA_JJ,CN19Sc22_08_eDNA,12S,JJ,JJ91,6/2/19 15:06,06-02 day,CN19S,55.0,WESTERN FLYER,,,22.0,OFFMARS_E,8.0,-122.164,36.7122,environmental,"JJ,KK,LL","12S,COI,18S","Tube Extracts (racks E-G),Filters (racks A-D)",,CTD,,54.06,CANON,24.515,0.0367,25.9331,54.468,,,,,9.9544,33.684,,,,,,0.4183,,,,,day,6.0,2.0,15.0,6/2/19 22:06
CN19Sc22_4_eDNA_JJ,CN19Sc22_04_eDNA,12S,JJ,JJ92,6/2/19 15:06,06-02 day,CN19S,115.0,WESTERN FLYER,,,22.0,OFFMARS_E,4.0,-122.164,36.7122,environmental,"JJ,KK,LL","12S,COI,18S","Filters (racks A-D),Tube Extracts (racks E-G)",,CTD,,114.445,CANON,27.721999999999998,0.0351,26.2713,115.32700000000001,,,,,9.0945,33.9353,,,,,,0.3765,,,,,day,6.0,2.0,15.0,6/2/19 22:06
CN19Sc22_2_eDNA_JJ,CN19Sc22_02_eDNA,12S,JJ,JJ93,6/2/19 15:06,06-02 day,CN19S,250.0,WESTERN FLYER,,,22.0,OFFMARS_E,2.0,-122.164,36.7122,environmental,"JJ,KK,LL","12S,COI,18S","Filters (racks A-D),Tube Extracts (racks E-G)",,CTD,,250.15900000000002,CANON,,0.0353,26.6141,252.17,,,,,7.7191,34.1029,,,,,,0.3833,,,,,day,6.0,2.0,15.0,6/2/19 22:06
pcrblank1_RR,pcrblank1,12S,RR,RR32,,,,,,,,,,,,,negative,,,,,,,,,,,,,,,,,,,,,,,,,,,,,,,,,
pcrblank2_RR,pcrblank2,12S,RR,RR64,,,,,,,,,,,,,negative,,,,,,,,,,,,,,,,,,,,,,,,,,,,,,,,,
ArtComm1_RR,ArtComm1,12S,RR,RR94,,,,,,,,,,,,,positive,,,,,,,,,,,,,,,,,,,,,,,,,,,,,,,,,
20191203_EB_RR,20191203_EB,12S,RR,RR95,,,,,,,,,,,,,negative,,,,,,,,,,,,,,,,,,,,,,,,,,,,,,,,,
pcrblank3_RR,pcrblank3,12S,RR,RR96,,,,,,,,,,,,,negative,,,,,,,,,,,,,,,,,,,,,,,,,,,,,,,,,
PCRblank_OSU_AT,PCRblank_OSU,12S,AT,AT2,,,,,,,,,,,,,negative,,,,,,,,,,,,,,,,,,,,,,,,,,,,,,,,,
PCRblank_BSMPA_AT,PCRblank_BSMPA,12S,AT,AT5,,,,,,,,,,,,,negative,,,,,,,,,,,,,,,,,,,,,,,,,,,,,,,,,
ArtComm_AT,ArtComm,12S,AT,AT29,,,,,,,,,,,,,positive,,,,,,,,,,,,,,,,,,,,,,,,,,,,,,,,,
RTSF_NTC_AT,RTSF_NTC,12S,AT,AT96,,,,,,,,,,,,,MSU_control,,,,,,,,,,,,,,,,,,,,,,,,,,,,,,,,,
pcrblank_1_JJ,pcrblank_1,12S,JJ,JJ32,,,,,,,,,,,,,negative,,,,,,,,,,,,,,,,,,,,,,,,,,,,,,,,,
pcrblank_2_JJ,pcrblank_2,12S,JJ,JJ64,,,,,,,,,,,,,negative,,,,,,,,,,,,,,,,,,,,,,,,,,,,,,,,,
20191022_EB_JJ,20191022_EB,12S,JJ,JJ94,,,,,,,,,,,,,negative,,,,,,,,,,,,,,,,,,,,,,,,,,,,,,,,,
Artcomm2_JJ,Artcomm2,12S,JJ,JJ95,,,,,,,,,,,,,positive,,,,,,,,,,,,,,,,,,,,,,,,,,,,,,,,,
pcrblank_3_JJ,pcrblank_3,12S,JJ,JJ96,,,,,,,,,,,,,negative,,,,,,,,,,,,,,,,,,,,,,,,,,,,,,,,,
